"","X","PLOT","P.NP","No.Plants.est","No.Stems","Senescence","Treatment","Sowing","Location","M.Height","M.Thickness","M.Leaves","Year","BioM.Index","BioM.Index_NA","Harvist","Harvist_NA","DW","DW_NA","MC","Germ.First.20","Germ.First.32","Germ.First.50","Germ.15.43","Temp1","Temp5","Temp15","Temp40","Wat1","Wat5","Wat15","Wat40"
"1","V2",1,"P",7,7,0,"none",7,"Aber",0.6,1.333333333,2.333333333,"2013 Dat",4.2,4.2,NA,NA,NA,NA,NA,0.333333333,2.8,5,4.8,7.63516666666667,9.26705208333333,9.26705208333333,9.26705208333333,0.0367916666666667,0.0760729166666667,0.0760729166666667,0.0760729166666667
"2","V3",1,"NP",3,3,2,"none",7,"Aber",0.4,1,2,"2013 Dat",1.2,1.2,NA,NA,NA,NA,NA,0,2.2,4.428571429,4.2,7.63516666666667,9.26705208333333,9.26705208333333,9.26705208333333,0.0367916666666667,0.0760729166666667,0.0760729166666667,0.0760729166666667
"3","V4",2,"P",0,0,NA,"none",8,"Aber",NA,NA,NA,"2013 Dat",0,NA,NA,NA,NA,NA,NA,0,0,0.6,0.75,NA,NA,NA,NA,NA,NA,NA,NA
"4","V5",2,"NP",3,3,NA,"none",8,"Aber",0.3,1,1,"2013 Dat",0.9,0.9,NA,NA,NA,NA,NA,0,1,3.4,4.25,NA,NA,NA,NA,NA,NA,NA,NA
"5","V6",3,"P",0,0,NA,"Film",2,"Aber",NA,NA,NA,"2013 Dat",0,NA,NA,NA,NA,NA,NA,0,0.333333333,0.4,0.25,12.5909166666667,13.2954,14.9041208333333,15.2198864583333,0.114416666666667,0.101191666666667,0.0896472222222222,0.0984791666666667
"6","V7",3,"NP",0,0,NA,"Film",2,"Aber",NA,NA,NA,"2013 Dat",0,NA,NA,NA,NA,NA,NA,0,0.666666667,0.6,0.5,12.5909166666667,13.2954,14.9041208333333,15.2198864583333,0.114416666666667,0.101191666666667,0.0896472222222222,0.0984791666666667
"7","V8",4,"P",15,52,3,"Film",5,"Aber",8.1875,3.875,4.125,"2013 Dat",425.75,425.75,NA,NA,NA,NA,NA,8,13.4,17,16.8,18.704375,18.1827916666667,17.9317777777778,17.0981328125,0.074125,0.0843583333333333,0.0955333333333333,0.081990625
"8","V9",4,"NP",20,78,3,"Film",5,"Aber",9.285714286,4,4.357142857,"2013 Dat",724.2857143,724.2857143,NA,NA,NA,NA,NA,12,20.6,23.28571429,26.6,18.704375,18.1827916666667,17.9317777777778,17.0981328125,0.074125,0.0843583333333333,0.0955333333333333,0.081990625
"9","V10",5,"P",1,1,5,"Film",7,"Aber",3,3,4,"2013 Dat",3,3,NA,NA,NA,NA,NA,1.333333333,2.4,2.714285714,3,12.1834791666667,12.3153125,12.3153125,12.3153125,0.054375,0.109510416666667,0.109510416666667,0.109510416666667
"10","V11",5,"NP",2,2,5,"Film",7,"Aber",2.5,1,2,"2013 Dat",5,5,NA,NA,NA,NA,NA,3.666666667,6,5.714285714,7.2,12.1834791666667,12.3153125,12.3153125,12.3153125,0.054375,0.109510416666667,0.109510416666667,0.109510416666667
"11","V12",6,"P",3,5,7,"none",3,"Aber",4.5,5,5,"2013 Dat",22.5,22.5,NA,NA,NA,NA,NA,0.5,2.25,2.714285714,3,14.8895833333333,13.1436166666667,12.4358944444444,14.4056979166667,0.0534583333333333,0.0503083333333333,0.0529638888888889,0.0429708333333333
"12","V13",6,"NP",8,59,5,"none",3,"Aber",9.4375,4.375,5.125,"2013 Dat",556.8125,556.8125,NA,NA,NA,NA,NA,2,13.75,20,21.6,14.8895833333333,13.1436166666667,12.4358944444444,14.4056979166667,0.0534583333333333,0.0503083333333333,0.0529638888888889,0.0429708333333333
"13","V14",7,"P",1,7,5,"Film",3,"Aber",7.5,3,4,"2013 Dat",52.5,52.5,NA,NA,NA,NA,NA,0,0.5,1.285714286,1.2,16.7414583333333,15.9905,15.0058541666667,17.3782473958333,0.101125,0.0937416666666667,0.100633333333333,0.0861020833333333
"14","V15",7,"NP",30,87,2,"Film",3,"Aber",11.88461538,3.792307692,4.846153846,"2013 Dat",1033.961538,1033.961538,NA,NA,NA,NA,NA,0,5.25,13.85714286,13.4,16.7414583333333,15.9905,15.0058541666667,17.3782473958333,0.101125,0.0937416666666667,0.100633333333333,0.0861020833333333
"15","V16",8,"P",3,3,10,"none",6,"Aber",0.8,2,3,"2013 Dat",2.4,2.4,NA,NA,NA,NA,NA,0.5,1.25,2.714285714,2.2,15.0175,15.3524416666667,14.4040944444444,13.3515535714286,0.0450416666666667,0.0537166666666667,0.0473666666666667,0.0519623015873016
"16","V17",8,"NP",3,3,10,"none",6,"Aber",1.2,1,2,"2013 Dat",3.6,3.6,NA,NA,NA,NA,NA,0,1,5.428571429,4.4,15.0175,15.3524416666667,14.4040944444444,13.3515535714286,0.0450416666666667,0.0537166666666667,0.0473666666666667,0.0519623015873016
"17","V18",9,"P",2,17,2,"none",1,"Aber",10,6.666666667,4.666666667,"2013 Dat",170,170,NA,NA,NA,NA,NA,0,0,2.333333333,2.333333333,NA,8.35451470588235,8.62577597402597,9.59923898678414,NA,0.0719264705882353,0.0914772727272727,0.0855055066079295
"18","V19",9,"NP",7,26,5,"none",1,"Aber",8.916666667,5,4.666666667,"2013 Dat",231.8333333,231.8333333,NA,NA,NA,NA,NA,0,0,3.333333333,3.333333333,NA,8.35451470588235,8.62577597402597,9.59923898678414,NA,0.0719264705882353,0.0914772727272727,0.0855055066079295
"19","V20",10,"P",1,13,3,"none",1,"Aber",9.5,4,5,"2013 Dat",123.5,123.5,NA,NA,NA,NA,NA,0,0,2,2,NA,8.35451470588235,8.62577597402597,9.59923898678414,NA,0.0719264705882353,0.0914772727272727,0.0855055066079295
"20","V21",10,"NP",7,28,1,"none",1,"Aber",4.5,2.428571429,4.428571429,"2013 Dat",126,126,NA,NA,NA,NA,NA,0,0,4.666666667,4.666666667,NA,8.35451470588235,8.62577597402597,9.59923898678414,NA,0.0719264705882353,0.0914772727272727,0.0855055066079295
"21","V22",11,"P",0,0,NA,"none",9,"Aber",NA,NA,NA,"2013 Dat",0,NA,NA,NA,NA,NA,NA,0,0,0,0,NA,NA,NA,NA,NA,NA,NA,NA
"22","V23",11,"NP",0,0,NA,"none",9,"Aber",NA,NA,NA,"2013 Dat",0,NA,NA,NA,NA,NA,NA,0,0,0,0,NA,NA,NA,NA,NA,NA,NA,NA
"23","V24",12,"P",0,0,NA,"Film",2,"Aber",NA,NA,NA,"2013 Dat",0,NA,NA,NA,NA,NA,NA,0,0,0,0,12.5909166666667,13.2954,14.9041208333333,15.2198864583333,0.114416666666667,0.101191666666667,0.0896472222222222,0.0984791666666667
"24","V25",12,"NP",2,16,1,"Film",2,"Aber",10,5.5,5.5,"2013 Dat",160,160,NA,NA,NA,NA,NA,0.5,3,2.8,2.75,12.5909166666667,13.2954,14.9041208333333,15.2198864583333,0.114416666666667,0.101191666666667,0.0896472222222222,0.0984791666666667
"25","V26",13,"P",2,2,4,"none",7,"Aber",0.4,1,3,"2013 Dat",0.8,0.8,NA,NA,NA,NA,NA,1,3.8,6,6.2,7.63516666666667,9.26705208333333,9.26705208333333,9.26705208333333,0.0367916666666667,0.0760729166666667,0.0760729166666667,0.0760729166666667
"26","V27",13,"NP",23,23,5,"none",7,"Aber",0.5,1,3,"2013 Dat",11.5,11.5,NA,NA,NA,NA,NA,1,9.6,19,18,7.63516666666667,9.26705208333333,9.26705208333333,9.26705208333333,0.0367916666666667,0.0760729166666667,0.0760729166666667,0.0760729166666667
"27","V28",14,"P",0,0,NA,"Film",2,"Aber",NA,NA,NA,"2013 Dat",0,NA,NA,NA,NA,NA,NA,0,0,0,0,12.5909166666667,13.2954,14.9041208333333,15.2198864583333,0.114416666666667,0.101191666666667,0.0896472222222222,0.0984791666666667
"28","V29",14,"NP",0,0,NA,"Film",2,"Aber",NA,NA,NA,"2013 Dat",0,NA,NA,NA,NA,NA,NA,0,0,0,0,12.5909166666667,13.2954,14.9041208333333,15.2198864583333,0.114416666666667,0.101191666666667,0.0896472222222222,0.0984791666666667
"29","V30",15,"NP",10,28,4,"Film",4,"Aber",3.272727273,1.272727273,4,"2013 Dat",91.63636364,91.63636364,NA,NA,NA,NA,NA,0,4.2,11.14285714,9.8,15.8064583333333,17.3185833333333,18.3055555555556,18.391515625,0.11,0.0963333333333333,0.0792361111111111,0.0818802083333333
"30","V31",15,"P",4,4,7,"Film",4,"Aber",1.333333333,1,3.333333333,"2013 Dat",5.333333332,5.333333332,NA,NA,NA,NA,NA,0,0.2,1.428571429,0.6,15.8064583333333,17.3185833333333,18.3055555555556,18.391515625,0.11,0.0963333333333333,0.0792361111111111,0.0818802083333333
"31","V32",16,"P",5,28,1,"none",2,"Aber",8.25,3.25,5.25,"2013 Dat",231,231,NA,NA,NA,NA,NA,5,5.666666667,4.8,5,10.194125,9.52255,11.0533305555556,12.0773020833333,0.090875,0.0857916666666667,0.0777861111111111,0.0630322916666667
"32","V33",16,"NP",20,85,1,"none",2,"Aber",9.3,3.3,5.5,"2013 Dat",790.5,790.5,NA,NA,NA,NA,NA,7.5,14,17.2,15.25,10.194125,9.52255,11.0533305555556,12.0773020833333,0.090875,0.0857916666666667,0.0777861111111111,0.0630322916666667
"33","V34",17,"P",3,16,1,"none",2,"Aber",7.5,3.5,5,"2013 Dat",120,120,NA,NA,NA,NA,NA,4,5.666666667,4.4,4.75,10.194125,9.52255,11.0533305555556,12.0773020833333,0.090875,0.0857916666666667,0.0777861111111111,0.0630322916666667
"34","V35",17,"NP",30,160,3,"none",2,"Aber",9.40625,3.8125,4.9375,"2013 Dat",1505,1505,NA,NA,NA,NA,NA,38.5,49,58.8,55.75,10.194125,9.52255,11.0533305555556,12.0773020833333,0.090875,0.0857916666666667,0.0777861111111111,0.0630322916666667
"35","V36",18,"P",0,0,NA,"Film",1,"Aber",NA,NA,NA,"2013 Dat",0,NA,NA,NA,NA,NA,NA,0,0,0,0,NA,9.93063235294118,10.6708685064935,12.439015969163,NA,0.10775,0.111506493506494,0.104458149779736
"36","V37",18,"NP",0,0,NA,"Film",1,"Aber",NA,NA,NA,"2013 Dat",0,NA,NA,NA,NA,NA,NA,0,0,0,0,NA,9.93063235294118,10.6708685064935,12.439015969163,NA,0.10775,0.111506493506494,0.104458149779736
"37","V38",19,"P",20,68,1,"Film",4,"Aber",14.30769231,4.615384615,4.769230769,"2013 Dat",972.9230771,972.9230771,NA,NA,NA,NA,NA,21.33333333,26,28.85714286,33.4,15.8064583333333,17.3185833333333,18.3055555555556,18.391515625,0.11,0.0963333333333333,0.0792361111111111,0.0818802083333333
"38","V39",19,"NP",40,119,0,"Film",4,"Aber",12.96428571,3.892857143,4.428571429,"2013 Dat",1542.749999,1542.749999,NA,NA,NA,NA,NA,25.33333333,34.2,38.85714286,44.6,15.8064583333333,17.3185833333333,18.3055555555556,18.391515625,0.11,0.0963333333333333,0.0792361111111111,0.0818802083333333
"39","V40",20,"P",2,2,7,"none",4,"Aber",1.75,1.5,3.5,"2013 Dat",3.5,3.5,NA,NA,NA,NA,NA,0,0.4,0.285714286,0.4,12.7243333333333,13.4612833333333,14.4856722222222,15.4950833333333,0.055125,0.0428333333333333,0.0341555555555556,0.0496947916666667
"40","V41",20,"NP",5,12,5,"none",4,"Aber",3.25,3,4.25,"2013 Dat",39,39,NA,NA,NA,NA,NA,0,0.2,3.571428571,3,12.7243333333333,13.4612833333333,14.4856722222222,15.4950833333333,0.055125,0.0428333333333333,0.0341555555555556,0.0496947916666667
"41","V42",21,"P",0,0,NA,"none",5,"Aber",NA,NA,NA,"2013 Dat",0,NA,NA,NA,NA,NA,NA,2,1.4,1,1.4,15.3041666666667,15.3346333333333,15.4826861111111,15.0090020833333,0.044375,0.0662916666666667,0.0727944444444444,0.0622989583333333
"42","V43",21,"NP",26,26,4,"none",5,"Aber",2.125,2.75,3.625,"2013 Dat",55.25,55.25,NA,NA,NA,NA,NA,23.33333333,27.6,28.71428571,34,15.3041666666667,15.3346333333333,15.4826861111111,15.0090020833333,0.044375,0.0662916666666667,0.0727944444444444,0.0622989583333333
"43","V44",22,"P",0,0,NA,"Film",3,"Aber",NA,NA,NA,"2013 Dat",0,NA,NA,NA,NA,NA,NA,0,0,0,0,16.7414583333333,15.9905,15.0058541666667,17.3782473958333,0.101125,0.0937416666666667,0.100633333333333,0.0861020833333333
"44","V45",22,"NP",10,57,3,"Film",3,"Aber",8.875,3.875,4.25,"2013 Dat",505.875,505.875,NA,NA,NA,NA,NA,11.5,16,16.57142857,19.4,16.7414583333333,15.9905,15.0058541666667,17.3782473958333,0.101125,0.0937416666666667,0.100633333333333,0.0861020833333333
"45","V46",23,"P",10,52,5,"none",4,"Aber",11.375,4.5,4.75,"2013 Dat",591.5,591.5,NA,NA,NA,NA,NA,6.333333333,11.4,16.42857143,16.6,12.7243333333333,13.4612833333333,14.4856722222222,15.4950833333333,0.055125,0.0428333333333333,0.0341555555555556,0.0496947916666667
"46","V47",23,"NP",10,65,5,"none",4,"Aber",12.05555556,4.222222222,4.777777778,"2013 Dat",783.6111114,783.6111114,NA,NA,NA,NA,NA,16,19.6,25.28571429,27.2,12.7243333333333,13.4612833333333,14.4856722222222,15.4950833333333,0.055125,0.0428333333333333,0.0341555555555556,0.0496947916666667
"47","V48",24,"P",1,3,4,"none",3,"Aber",11,4,5,"2013 Dat",33,33,NA,NA,NA,NA,NA,0,0.25,0.571428571,0.6,14.8895833333333,13.1436166666667,12.4358944444444,14.4056979166667,0.0534583333333333,0.0503083333333333,0.0529638888888889,0.0429708333333333
"48","V49",24,"NP",5,26,5,"none",3,"Aber",5.5,4,5.5,"2013 Dat",143,143,NA,NA,NA,NA,NA,1,5,5.285714286,6.4,14.8895833333333,13.1436166666667,12.4358944444444,14.4056979166667,0.0534583333333333,0.0503083333333333,0.0529638888888889,0.0429708333333333
"49","V50",25,"P",0,0,NA,"none",9,"Aber",NA,NA,NA,"2013 Dat",0,NA,NA,NA,NA,NA,NA,0,0,0,0,NA,NA,NA,NA,NA,NA,NA,NA
"50","V51",25,"NP",0,0,NA,"none",9,"Aber",NA,NA,NA,"2013 Dat",0,NA,NA,NA,NA,NA,NA,0,0,0,0,NA,NA,NA,NA,NA,NA,NA,NA
"51","V52",26,"P",0,0,NA,"Film",9,"Aber",NA,NA,NA,"2013 Dat",0,NA,NA,NA,NA,NA,NA,0,0,0,0,NA,NA,NA,NA,NA,NA,NA,NA
"52","V53",26,"NP",0,0,NA,"Film",9,"Aber",NA,NA,NA,"2013 Dat",0,NA,NA,NA,NA,NA,NA,0,0,0,0,NA,NA,NA,NA,NA,NA,NA,NA
"53","V54",27,"P",3,7,6,"none",4,"Aber",4.333333333,2.666666667,4,"2013 Dat",30.33333333,30.33333333,NA,NA,NA,NA,NA,0,0.4,0.714285714,1,12.7243333333333,13.4612833333333,14.4856722222222,15.4950833333333,0.055125,0.0428333333333333,0.0341555555555556,0.0496947916666667
"54","V55",27,"NP",10,22,7,"none",4,"Aber",2.722222222,2.222222222,3.5,"2013 Dat",59.88888888,59.88888888,NA,NA,NA,NA,NA,0,2.6,7.571428571,6.8,12.7243333333333,13.4612833333333,14.4856722222222,15.4950833333333,0.055125,0.0428333333333333,0.0341555555555556,0.0496947916666667
"55","V56",28,"P",0,0,NA,"Film",8,"Aber",NA,NA,NA,"2013 Dat",0,NA,NA,NA,NA,NA,NA,1,2,2.6,3.25,NA,NA,NA,NA,NA,NA,NA,NA
"56","V57",28,"NP",0,0,NA,"Film",8,"Aber",NA,NA,NA,"2013 Dat",0,NA,NA,NA,NA,NA,NA,2,5.5,7.2,9,NA,NA,NA,NA,NA,NA,NA,NA
"57","V58",29,"P",0,0,NA,"Film",9,"Aber",NA,NA,NA,"2013 Dat",0,NA,NA,NA,NA,NA,NA,0,0,0,0,NA,NA,NA,NA,NA,NA,NA,NA
"58","V59",29,"NP",0,0,NA,"Film",9,"Aber",NA,NA,NA,"2013 Dat",0,NA,NA,NA,NA,NA,NA,0,0,0,0,NA,NA,NA,NA,NA,NA,NA,NA
"59","V60",30,"P",2,2,10,"none",5,"Aber",3,3,3,"2013 Dat",6,6,NA,NA,NA,NA,NA,1.666666667,1.6,1.142857143,1.6,15.3041666666667,15.3346333333333,15.4826861111111,15.0090020833333,0.044375,0.0662916666666667,0.0727944444444444,0.0622989583333333
"60","V61",30,"NP",24,24,9,"none",5,"Aber",2.75,2.125,3.625,"2013 Dat",66,66,NA,NA,NA,NA,NA,15,23.4,26.71428571,30.6,15.3041666666667,15.3346333333333,15.4826861111111,15.0090020833333,0.044375,0.0662916666666667,0.0727944444444444,0.0622989583333333
"61","V62",31,"P",10,38,7,"Film",5,"Aber",6.75,3.9,4.1,"2013 Dat",256.5,256.5,NA,NA,NA,NA,NA,4.666666667,8.8,12.85714286,12.6,18.704375,18.1827916666667,17.9317777777778,17.0981328125,0.074125,0.0843583333333333,0.0955333333333333,0.081990625
"62","V63",31,"NP",50,147,5,"Film",5,"Aber",12.88888889,3.277777778,4.111111111,"2013 Dat",1894.666667,1894.666667,NA,NA,NA,NA,NA,43.66666667,63,79.42857143,85,18.704375,18.1827916666667,17.9317777777778,17.0981328125,0.074125,0.0843583333333333,0.0955333333333333,0.081990625
"63","V64",32,"P",9,9,8,"Film",6,"Aber",4,2.75,4.25,"2013 Dat",36,36,NA,NA,NA,NA,NA,5,12.25,16.71428571,21,16.6435416666667,16.9225,16.3443541666667,15.6169027777778,0.0645416666666667,0.0622833333333333,0.0622333333333333,0.0705654761904762
"64","V65",32,"NP",15,15,9,"Film",6,"Aber",3.428571429,1.571428571,3.428571429,"2013 Dat",51.42857144,51.42857144,NA,NA,NA,NA,NA,8,17,22.57142857,27.2,16.6435416666667,16.9225,16.3443541666667,15.6169027777778,0.0645416666666667,0.0622833333333333,0.0622333333333333,0.0705654761904762
"65","V66",33,"P",9,10,10,"Film",6,"Aber",4.166666667,2.666666667,4.666666667,"2013 Dat",41.66666667,41.66666667,NA,NA,NA,NA,NA,6.5,14.5,15.42857143,18.4,16.6435416666667,16.9225,16.3443541666667,15.6169027777778,0.0645416666666667,0.0622833333333333,0.0622333333333333,0.0705654761904762
"66","V67",33,"NP",13,13,10,"Film",6,"Aber",3.5,2.333333333,3.333333333,"2013 Dat",45.5,45.5,NA,NA,NA,NA,NA,12,29,31.28571429,38.8,16.6435416666667,16.9225,16.3443541666667,15.6169027777778,0.0645416666666667,0.0622833333333333,0.0622333333333333,0.0705654761904762
"67","V68",34,"P",0,0,NA,"Film",7,"Aber",NA,NA,NA,"2013 Dat",0,NA,NA,NA,NA,NA,NA,0.666666667,2.6,4.285714286,4.4,12.1834791666667,12.3153125,12.3153125,12.3153125,0.054375,0.109510416666667,0.109510416666667,0.109510416666667
"68","V69",34,"NP",33,33,10,"Film",7,"Aber",2.125,1.1,3,"2013 Dat",70.125,70.125,NA,NA,NA,NA,NA,8,12.6,16.14285714,15.6,12.1834791666667,12.3153125,12.3153125,12.3153125,0.054375,0.109510416666667,0.109510416666667,0.109510416666667
"69","V70",35,"P",10,23,8,"Film",5,"Aber",6.857142857,3.857142857,4.285714286,"2013 Dat",157.7142857,157.7142857,NA,NA,NA,NA,NA,7,8.4,11.14285714,12,18.704375,18.1827916666667,17.9317777777778,17.0981328125,0.074125,0.0843583333333333,0.0955333333333333,0.081990625
"70","V71",35,"NP",20,54,7,"Film",5,"Aber",8.307692308,3,4.230769231,"2013 Dat",448.6153846,448.6153846,NA,NA,NA,NA,NA,22,27,30.28571429,33.6,18.704375,18.1827916666667,17.9317777777778,17.0981328125,0.074125,0.0843583333333333,0.0955333333333333,0.081990625
"71","V72",36,"P",8,8,10,"Film",6,"Aber",3.183333333,1.5,2.833333333,"2013 Dat",25.46666666,25.46666666,NA,NA,NA,NA,NA,2.5,4.25,4.857142857,5.8,16.6435416666667,16.9225,16.3443541666667,15.6169027777778,0.0645416666666667,0.0622833333333333,0.0622333333333333,0.0705654761904762
"72","V73",36,"NP",27,27,10,"Film",6,"Aber",3.681818182,1.818181818,3.181818182,"2013 Dat",99.40909091,99.40909091,NA,NA,NA,NA,NA,24,43,51.71428571,63.6,16.6435416666667,16.9225,16.3443541666667,15.6169027777778,0.0645416666666667,0.0622833333333333,0.0622333333333333,0.0705654761904762
"73","V74",37,"P",0,0,NA,"Film",8,"Aber",NA,NA,NA,"2013 Dat",0,NA,NA,NA,NA,NA,NA,1.666666667,4,5.2,6.5,NA,NA,NA,NA,NA,NA,NA,NA
"74","V75",37,"NP",0,0,NA,"Film",8,"Aber",NA,NA,NA,"2013 Dat",0,NA,NA,NA,NA,NA,NA,3.666666667,7,8.4,10.5,NA,NA,NA,NA,NA,NA,NA,NA
"75","V76",38,"P",1,1,7,"none",1,"Aber",6,3,4,"2013 Dat",6,6,NA,NA,NA,NA,NA,0,0,4,4,NA,8.35451470588235,8.62577597402597,9.59923898678414,NA,0.0719264705882353,0.0914772727272727,0.0855055066079295
"76","V77",38,"NP",3,5,4,"none",1,"Aber",6,3,4,"2013 Dat",30,30,NA,NA,NA,NA,NA,0,0,3.333333333,3.333333333,NA,8.35451470588235,8.62577597402597,9.59923898678414,NA,0.0719264705882353,0.0914772727272727,0.0855055066079295
"77","V78",39,"NP",0,0,NA,"Film",8,"Aber",NA,NA,NA,"2013 Dat",0,NA,NA,NA,NA,NA,NA,5.333333333,7.5,8.8,11,NA,NA,NA,NA,NA,NA,NA,NA
"78","V79",39,"P",0,0,NA,"Film",8,"Aber",NA,NA,NA,"2013 Dat",0,NA,NA,NA,NA,NA,NA,0.666666667,1.25,1.4,1.75,NA,NA,NA,NA,NA,NA,NA,NA
"79","V80",40,"P",1,1,8,"none",6,"Aber",0.5,0.5,3,"2013 Dat",0.5,0.5,NA,NA,NA,NA,NA,0,0.5,0.857142857,0.8,15.0175,15.3524416666667,14.4040944444444,13.3515535714286,0.0450416666666667,0.0537166666666667,0.0473666666666667,0.0519623015873016
"80","V81",40,"NP",0,0,NA,"none",6,"Aber",NA,NA,NA,"2013 Dat",0,NA,NA,NA,NA,NA,NA,0,0.25,3.285714286,1,15.0175,15.3524416666667,14.4040944444444,13.3515535714286,0.0450416666666667,0.0537166666666667,0.0473666666666667,0.0519623015873016
"81","V82",41,"P",0,0,NA,"none",8,"Aber",NA,NA,NA,"2013 Dat",0,NA,NA,NA,NA,NA,NA,0,0,0,0,NA,NA,NA,NA,NA,NA,NA,NA
"82","V83",41,"NP",0,0,NA,"none",8,"Aber",NA,NA,NA,"2013 Dat",0,NA,NA,NA,NA,NA,NA,0,0.5,3,3.75,NA,NA,NA,NA,NA,NA,NA,NA
"83","V84",42,"P",0,0,NA,"none",6,"Aber",NA,NA,NA,"2013 Dat",0,NA,NA,NA,NA,NA,NA,0,0.25,0.571428571,0.6,15.0175,15.3524416666667,14.4040944444444,13.3515535714286,0.0450416666666667,0.0537166666666667,0.0473666666666667,0.0519623015873016
"84","V85",42,"NP",0,0,NA,"none",6,"Aber",NA,NA,NA,"2013 Dat",0,NA,NA,NA,NA,NA,NA,0,1.75,4.285714286,2.6,15.0175,15.3524416666667,14.4040944444444,13.3515535714286,0.0450416666666667,0.0537166666666667,0.0473666666666667,0.0519623015873016
"85","V86",43,"P",0,0,NA,"Film",1,"Aber",NA,NA,NA,"2013 Dat",0,NA,NA,NA,NA,NA,NA,0,0,0,0,NA,9.93063235294118,10.6708685064935,12.439015969163,NA,0.10775,0.111506493506494,0.104458149779736
"86","V87",43,"NP",0,0,NA,"Film",1,"Aber",NA,NA,NA,"2013 Dat",0,NA,NA,NA,NA,NA,NA,0,0,0.333333333,0.333333333,NA,9.93063235294118,10.6708685064935,12.439015969163,NA,0.10775,0.111506493506494,0.104458149779736
"87","V88",44,"P",0,0,NA,"none",8,"Aber",NA,NA,NA,"2013 Dat",0,NA,NA,NA,NA,NA,NA,0.333333333,0.75,1.2,1.5,NA,NA,NA,NA,NA,NA,NA,NA
"88","V89",44,"NP",0,0,NA,"none",8,"Aber",NA,NA,NA,"2013 Dat",0,NA,NA,NA,NA,NA,NA,0,2,5,6.25,NA,NA,NA,NA,NA,NA,NA,NA
"89","V90",45,"P",20,75,4,"none",2,"Aber",20,5.875,5.375,"2013 Dat",1500,1500,NA,NA,NA,NA,NA,20.5,23,23.8,22.75,10.194125,9.52255,11.0533305555556,12.0773020833333,0.090875,0.0857916666666667,0.0777861111111111,0.0630322916666667
"90","V91",45,"NP",30,192,2,"none",2,"Aber",12.875,4.375,5,"2013 Dat",2472,2472,NA,NA,NA,NA,NA,63,67.66666667,67.6,67.75,10.194125,9.52255,11.0533305555556,12.0773020833333,0.090875,0.0857916666666667,0.0777861111111111,0.0630322916666667
"91","V92",46,"P",0,0,NA,"Film",7,"Aber",NA,NA,NA,"2013 Dat",0,NA,NA,NA,NA,NA,NA,1.666666667,2.6,3.285714286,3.6,12.1834791666667,12.3153125,12.3153125,12.3153125,0.054375,0.109510416666667,0.109510416666667,0.109510416666667
"92","V93",46,"NP",0,0,NA,"Film",7,"Aber",NA,NA,NA,"2013 Dat",0,NA,NA,NA,NA,NA,NA,0,0.2,0.857142857,0.6,12.1834791666667,12.3153125,12.3153125,12.3153125,0.054375,0.109510416666667,0.109510416666667,0.109510416666667
"93","V94",47,"P",4,9,7,"none",3,"Aber",6.875,5.25,4.75,"2013 Dat",61.875,61.875,NA,NA,NA,NA,NA,0.5,1.75,1.714285714,2,14.8895833333333,13.1436166666667,12.4358944444444,14.4056979166667,0.0534583333333333,0.0503083333333333,0.0529638888888889,0.0429708333333333
"94","V95",47,"NP",10,55,7,"none",3,"Aber",12.40909091,4.636363636,4,"2013 Dat",682.5000001,682.5000001,NA,NA,NA,NA,NA,0.5,17.25,22.14285714,25.6,14.8895833333333,13.1436166666667,12.4358944444444,14.4056979166667,0.0534583333333333,0.0503083333333333,0.0529638888888889,0.0429708333333333
"95","V96",48,"P",1,1,10,"Film",1,"Aber",NA,NA,NA,"2013 Dat",0,NA,NA,NA,NA,NA,NA,2,2,2.666666667,2.666666667,NA,9.93063235294118,10.6708685064935,12.439015969163,NA,0.10775,0.111506493506494,0.104458149779736
"96","V97",48,"NP",4,22,8,"Film",1,"Aber",13.25,5.25,5.25,"2013 Dat",291.5,291.5,NA,NA,NA,NA,NA,0,0,2.666666667,2.666666667,NA,9.93063235294118,10.6708685064935,12.439015969163,NA,0.10775,0.111506493506494,0.104458149779736
"97","V98",49,"P",0,0,NA,"none",9,"Aber",NA,NA,NA,"2013 Dat",0,NA,NA,NA,NA,NA,NA,0,0,0,0,NA,NA,NA,NA,NA,NA,NA,NA
"98","V99",49,"NP",0,0,NA,"none",9,"Aber",NA,NA,NA,"2013 Dat",0,NA,NA,NA,NA,NA,NA,0,0,0,0,NA,NA,NA,NA,NA,NA,NA,NA
"99","V100",50,"P",1,6,7,"Film",3,"Aber",8.75,5,5,"2013 Dat",52.5,52.5,NA,NA,NA,NA,NA,0,0.5,1.142857143,1.2,16.7414583333333,15.9905,15.0058541666667,17.3782473958333,0.101125,0.0937416666666667,0.100633333333333,0.0861020833333333
"100","V101",50,"NP",50,229,7,"Film",3,"Aber",18.56666667,3.866666667,4.466666667,"2013 Dat",4251.766667,4251.766667,NA,NA,NA,NA,NA,21,44,59,66.6,16.7414583333333,15.9905,15.0058541666667,17.3782473958333,0.101125,0.0937416666666667,0.100633333333333,0.0861020833333333
"101","V102",51,"P",3,3,10,"none",7,"Aber",0.8,5,2,"2013 Dat",2.4,2.4,NA,NA,NA,NA,NA,0.333333333,1.6,3,2.6,7.63516666666667,9.26705208333333,9.26705208333333,9.26705208333333,0.0367916666666667,0.0760729166666667,0.0760729166666667,0.0760729166666667
"102","V103",51,"NP",8,8,10,"none",7,"Aber",0.95,1,2.5,"2013 Dat",7.6,7.6,NA,NA,NA,NA,NA,0,4.8,10.14285714,9.6,7.63516666666667,9.26705208333333,9.26705208333333,9.26705208333333,0.0367916666666667,0.0760729166666667,0.0760729166666667,0.0760729166666667
"103","V104",52,"P",30,106,6,"Film",4,"Aber",15.64285714,4.785714286,4.928571429,"2013 Dat",1658.142857,1658.142857,NA,NA,NA,NA,NA,18.66666667,22.6,24.14285714,27.6,15.8064583333333,17.3185833333333,18.3055555555556,18.391515625,0.11,0.0963333333333333,0.0792361111111111,0.0818802083333333
"104","V105",52,"NP",50,145,NA,"Film",4,"Aber",13.125,3.583333333,4.25,"2013 Dat",1903.125,1903.125,NA,NA,NA,NA,NA,32,38.4,44,48,15.8064583333333,17.3185833333333,18.3055555555556,18.391515625,0.11,0.0963333333333333,0.0792361111111111,0.0818802083333333
"105","V106",53,"P",0,0,NA,"Film",9,"Aber",NA,NA,NA,"2013 Dat",0,NA,NA,NA,NA,NA,NA,0,0,0,0,NA,NA,NA,NA,NA,NA,NA,NA
"106","V107",53,"NP",0,0,NA,"Film",9,"Aber",NA,NA,NA,"2013 Dat",0,NA,NA,NA,NA,NA,NA,0,0,0,0,NA,NA,NA,NA,NA,NA,NA,NA
"107","V108",54,"P",1,1,NA,"none",5,"Aber",2,1,3,"2013 Dat",2,2,NA,NA,NA,NA,NA,0.666666667,1,1,1.2,15.3041666666667,15.3346333333333,15.4826861111111,15.0090020833333,0.044375,0.0662916666666667,0.0727944444444444,0.0622989583333333
"108","V109",54,"NP",11,11,7,"none",5,"Aber",6.25,4.5,4,"2013 Dat",68.75,68.75,NA,NA,NA,NA,NA,10.66666667,15.4,15.42857143,18.4,15.3041666666667,15.3346333333333,15.4826861111111,15.0090020833333,0.044375,0.0662916666666667,0.0727944444444444,0.0622989583333333
"109","V2.1",55,"P",14,31,5,"Film",5,"Blank",3.875,1.75,4.5,"2013 Dat",120.125,120.125,NA,NA,NA,NA,NA,NA,NA,NA,NA,NA,NA,NA,NA,0.225791666666667,0.193162790697674,0.193162790697674,0.193162790697674
"110","V3.1",55,"NP",9,15,5,"Film",5,"Blank",3.777777778,2.125,4,"2013 Dat",56.66666667,56.66666667,NA,NA,NA,NA,NA,NA,NA,NA,NA,NA,NA,NA,NA,0.225791666666667,0.193162790697674,0.193162790697674,0.193162790697674
"111","V4.1",56,"P",0,0,NA,"none",9,"Blank",NA,NA,NA,"2013 Dat",0,NA,NA,NA,NA,NA,NA,NA,NA,NA,NA,NA,NA,NA,NA,NA,NA,NA,NA
"112","V5.1",56,"NP",0,0,NA,"none",9,"Blank",NA,1,NA,"2013 Dat",0,NA,NA,NA,NA,NA,NA,NA,NA,NA,NA,NA,NA,NA,NA,NA,NA,NA,NA
"113","V6.1",57,"P",6,77,6,"Film",3,"Blank",23.5,6.36,6.75,"2013 Dat",1809.5,1809.5,NA,NA,NA,NA,NA,NA,NA,NA,NA,16.53375,19.2090416666667,18.4020833333333,21.0304824561404,0.182270833333333,0.14775,0.189048611111111,0.136306806282723
"114","V7.1",57,"NP",8,99,6,"Film",3,"Blank",21.11428571,4.851428571,6.166666667,"2013 Dat",2090.314285,2090.314285,NA,NA,NA,NA,NA,NA,NA,NA,NA,16.53375,19.2090416666667,18.4020833333333,21.0304824561404,0.182270833333333,0.14775,0.189048611111111,0.136306806282723
"115","V8.1",58,"P",1,13,4,"none",3,"Blank",12,5.8,6,"2013 Dat",156,156,NA,NA,NA,NA,NA,NA,NA,NA,NA,14.9941666666667,17.61575,16.4789222222222,18.8535438596491,0.0657916666666667,0.0396,0.0909902777777778,0.0786104712041885
"116","V9.1",58,"NP",1,4,5,"none",3,"Blank",9,3.61,5.5,"2013 Dat",36,36,NA,NA,NA,NA,NA,NA,NA,NA,NA,14.9941666666667,17.61575,16.4789222222222,18.8535438596491,0.0657916666666667,0.0396,0.0909902777777778,0.0786104712041885
"117","V10.1",59,"P",2,33,4,"none",1,"Blank",16.5,5.245,6,"2013 Dat",544.5,544.5,NA,NA,NA,NA,NA,NA,NA,NA,NA,17.6252083333333,14.0717291666667,12.7080111111111,14.4300929018789,0.0342916666666667,0.0351708333333333,0.107776388888889,0.103339583333333
"118","V11.1",59,"NP",3,33,3,"none",1,"Blank",16.5,5.41,5,"2013 Dat",544.5,544.5,NA,NA,NA,NA,NA,NA,NA,NA,NA,17.6252083333333,14.0717291666667,12.7080111111111,14.4300929018789,0.0342916666666667,0.0351708333333333,0.107776388888889,0.103339583333333
"119","V12.1",60,"P",0,0,NA,"Film",8,"Blank",NA,NA,NA,"2013 Dat",0,NA,NA,NA,NA,NA,NA,NA,NA,NA,NA,NA,NA,NA,NA,NA,NA,NA,NA
"120","V13.1",60,"NP",0,0,NA,"Film",8,"Blank",9,NA,NA,"2013 Dat",0,NA,NA,NA,NA,NA,NA,NA,NA,NA,NA,NA,NA,NA,NA,NA,NA,NA,NA
"121","V14.1",61,"P",20,33,5,"Film",5,"Blank",4.181818182,2.181818182,3.818181818,"2013 Dat",138,138,NA,NA,NA,NA,NA,NA,NA,NA,NA,NA,NA,NA,NA,0.225791666666667,0.193162790697674,0.193162790697674,0.193162790697674
"122","V15.1",61,"NP",0,0,NA,"Film",5,"Blank",NA,NA,NA,"2013 Dat",0,NA,NA,NA,NA,NA,NA,NA,NA,NA,NA,NA,NA,NA,NA,0.225791666666667,0.193162790697674,0.193162790697674,0.193162790697674
"123","V16.1",62,"P",0,0,NA,"none",4,"Blank",NA,NA,NA,"2013 Dat",0,NA,NA,NA,NA,NA,NA,NA,NA,NA,NA,18.9558333333333,19.7929583333333,20.5855694444444,20.7355654761905,0.129166666666667,0.0950458333333333,0.0645347222222222,0.0709744058500914
"124","V17.1",62,"NP",0,0,NA,"none",4,"Blank",NA,NA,NA,"2013 Dat",0,NA,NA,NA,NA,NA,NA,NA,NA,NA,NA,18.9558333333333,19.7929583333333,20.5855694444444,20.7355654761905,0.129166666666667,0.0950458333333333,0.0645347222222222,0.0709744058500914
"125","V18.1",63,"P",0,0,NA,"none",7,"Blank",NA,NA,NA,"2013 Dat",0,NA,NA,NA,NA,NA,NA,NA,NA,NA,NA,NA,NA,NA,NA,NA,NA,NA,NA
"126","V19.1",63,"NP",0,0,NA,"none",7,"Blank",NA,NA,NA,"2013 Dat",0,NA,NA,NA,NA,NA,NA,NA,NA,NA,NA,NA,NA,NA,NA,NA,NA,NA,NA
"127","V20.1",64,"P",0,0,NA,"none",4,"Blank",NA,NA,NA,"2013 Dat",0,NA,NA,NA,NA,NA,NA,NA,NA,NA,NA,18.9558333333333,19.7929583333333,20.5855694444444,20.7355654761905,0.129166666666667,0.0950458333333333,0.0645347222222222,0.0709744058500914
"128","V21.1",64,"NP",0,0,NA,"none",4,"Blank",NA,NA,NA,"2013 Dat",0,NA,NA,NA,NA,NA,NA,NA,NA,NA,NA,18.9558333333333,19.7929583333333,20.5855694444444,20.7355654761905,0.129166666666667,0.0950458333333333,0.0645347222222222,0.0709744058500914
"129","V22.1",65,"P",7,12,1,"Film",5,"Blank",4.666666667,2.5,3.6,"2013 Dat",56,56,NA,NA,NA,NA,NA,NA,NA,NA,NA,NA,NA,NA,NA,0.225791666666667,0.193162790697674,0.193162790697674,0.193162790697674
"130","V23.1",65,"NP",5,7,2,"Film",5,"Blank",4,1.4,3.6,"2013 Dat",28,28,NA,NA,NA,NA,NA,NA,NA,NA,NA,NA,NA,NA,NA,0.225791666666667,0.193162790697674,0.193162790697674,0.193162790697674
"131","V24.1",66,"P",0,0,NA,"none",5,"Blank",NA,NA,NA,"2013 Dat",0,NA,NA,NA,NA,NA,NA,NA,NA,NA,NA,NA,NA,NA,NA,0.2076875,0.173790697674419,0.173790697674419,0.173790697674419
"132","V25.1",66,"NP",0,0,NA,"none",5,"Blank",10,NA,NA,"2013 Dat",0,NA,NA,NA,NA,NA,NA,NA,NA,NA,NA,NA,NA,NA,NA,0.2076875,0.173790697674419,0.173790697674419,0.173790697674419
"133","V26.1",67,"P",2,7,4,"Film",4,"Blank",5.5,2,3.5,"2013 Dat",38.5,38.5,NA,NA,NA,NA,NA,NA,NA,NA,NA,20.77875,22.8422083333333,23.6521666666667,23.2330654761905,0.185333333333333,0.147175,0.101688888888889,0.101841864716636
"134","V27.1",67,"NP",3,7,5,"Film",4,"Blank",7.666666667,1.666666667,4,"2013 Dat",53.66666667,53.66666667,NA,NA,NA,NA,NA,NA,NA,NA,NA,20.77875,22.8422083333333,23.6521666666667,23.2330654761905,0.185333333333333,0.147175,0.101688888888889,0.101841864716636
"135","V28.1",68,"P",7,93,7,"Film",2,"Blank",22.14285714,6.155,6.125,"2013 Dat",2059.285714,2059.285714,NA,NA,NA,NA,NA,NA,NA,NA,NA,16.759375,23.966906779661,22.9473324022346,20.4526043841336,0.2239375,0.247408333333333,0.207306944444444,0.189411979166667
"136","V29.1",68,"NP",3,37,8,"Film",2,"Blank",29,9.12,6.666666667,"2013 Dat",1073,1073,NA,NA,NA,NA,NA,NA,NA,NA,NA,16.759375,23.966906779661,22.9473324022346,20.4526043841336,0.2239375,0.247408333333333,0.207306944444444,0.189411979166667
"137","V30.1",69,"P",0,0,NA,"none",6,"Blank",NA,6.695,NA,"2013 Dat",0,NA,NA,NA,NA,NA,NA,NA,NA,NA,NA,NA,NA,NA,NA,NA,NA,NA,NA
"138","V31.1",69,"NP",0,0,NA,"none",6,"Blank",NA,6.69,NA,"2013 Dat",0,NA,NA,NA,NA,NA,NA,NA,NA,NA,NA,NA,NA,NA,NA,NA,NA,NA,NA
"139","V32.1",70,"P",1,7,3,"none",2,"Blank",13,6.05,6,"2013 Dat",91,91,NA,NA,NA,NA,NA,NA,NA,NA,NA,12.9179166666667,16.7774576271186,16.8669832402235,16.9936764091858,0.123270833333333,0.148445833333333,0.0781833333333333,0.0883260416666667
"140","V33.1",70,"NP",0,0,NA,"none",2,"Blank",NA,NA,NA,"2013 Dat",0,NA,NA,NA,NA,NA,NA,NA,NA,NA,NA,12.9179166666667,16.7774576271186,16.8669832402235,16.9936764091858,0.123270833333333,0.148445833333333,0.0781833333333333,0.0883260416666667
"141","V34.1",71,"P",2,18,5,"Film",1,"Blank",17,6.55,5,"2013 Dat",306,306,NA,NA,NA,NA,NA,NA,NA,NA,NA,22.978125,18.4705,17.6567930555556,19.9556790187891,0.061,0.0634125,0.140322222222222,0.188114583333333
"142","V35.1",71,"NP",1,6,3,"Film",1,"Blank",2,4.11,4,"2013 Dat",12,12,NA,NA,NA,NA,NA,NA,NA,NA,NA,22.978125,18.4705,17.6567930555556,19.9556790187891,0.061,0.0634125,0.140322222222222,0.188114583333333
"143","V36.1",72,"P",0,0,NA,"none",8,"Blank",NA,NA,NA,"2013 Dat",0,NA,NA,NA,NA,NA,NA,NA,NA,NA,NA,NA,NA,NA,NA,NA,NA,NA,NA
"144","V37.1",72,"NP",0,0,NA,"none",8,"Blank",NA,NA,NA,"2013 Dat",0,NA,NA,NA,NA,NA,NA,NA,NA,NA,NA,NA,NA,NA,NA,NA,NA,NA,NA
"145","V38.1",73,"P",3,37,4,"Film",2,"Blank",18.33333333,5.286666667,5.666666667,"2013 Dat",678.3333332,678.3333332,NA,NA,NA,NA,NA,NA,NA,NA,NA,16.759375,23.966906779661,22.9473324022346,20.4526043841336,0.2239375,0.247408333333333,0.207306944444444,0.189411979166667
"146","V39.1",73,"NP",2,30,7,"Film",2,"Blank",24,8.355,6.5,"2013 Dat",720,720,NA,NA,NA,NA,NA,NA,NA,NA,NA,16.759375,23.966906779661,22.9473324022346,20.4526043841336,0.2239375,0.247408333333333,0.207306944444444,0.189411979166667
"147","V40.1",74,"P",0,0,NA,"none",8,"Blank",16,NA,NA,"2013 Dat",0,NA,NA,NA,NA,NA,NA,NA,NA,NA,NA,NA,NA,NA,NA,NA,NA,NA,NA
"148","V41.1",74,"NP",0,0,NA,"none",8,"Blank",NA,NA,NA,"2013 Dat",0,NA,NA,NA,NA,NA,NA,NA,NA,NA,NA,NA,NA,NA,NA,NA,NA,NA,NA
"149","V42.1",75,"P",7,58,6,"Film",1,"Blank",27.8,7.846666667,6.833333333,"2013 Dat",1612.4,1612.4,NA,NA,NA,NA,NA,NA,NA,NA,NA,22.978125,18.4705,17.6567930555556,19.9556790187891,0.061,0.0634125,0.140322222222222,0.188114583333333
"150","V43.1",75,"NP",4,32,7,"Film",1,"Blank",24.5,6.7225,7,"2013 Dat",784,784,NA,NA,NA,NA,NA,NA,NA,NA,NA,22.978125,18.4705,17.6567930555556,19.9556790187891,0.061,0.0634125,0.140322222222222,0.188114583333333
"151","V44.1",76,"P",0,0,NA,"Film",8,"Blank",28,NA,NA,"2013 Dat",0,NA,NA,NA,NA,NA,NA,NA,NA,NA,NA,NA,NA,NA,NA,NA,NA,NA,NA
"152","V45.1",76,"NP",0,0,NA,"Film",8,"Blank",NA,NA,NA,"2013 Dat",0,NA,NA,NA,NA,NA,NA,NA,NA,NA,NA,NA,NA,NA,NA,NA,NA,NA,NA
"153","V46.1",77,"P",9,77,4,"none",1,"Blank",31.66666667,5.85125,8,"2013 Dat",2438.333334,2438.333334,NA,NA,NA,NA,NA,NA,NA,NA,NA,17.6252083333333,14.0717291666667,12.7080111111111,14.4300929018789,0.0342916666666667,0.0351708333333333,0.107776388888889,0.103339583333333
"154","V47.1",77,"NP",9,86,5,"none",1,"Blank",32.375,6.53875,7,"2013 Dat",2784.25,2784.25,NA,NA,NA,NA,NA,NA,NA,NA,NA,17.6252083333333,14.0717291666667,12.7080111111111,14.4300929018789,0.0342916666666667,0.0351708333333333,0.107776388888889,0.103339583333333
"155","V48.1",78,"P",0,0,NA,"none",6,"Blank",NA,NA,NA,"2013 Dat",0,NA,NA,NA,NA,NA,NA,NA,NA,NA,NA,NA,NA,NA,NA,NA,NA,NA,NA
"156","V49.1",78,"NP",0,0,NA,"none",6,"Blank",NA,NA,NA,"2013 Dat",0,NA,NA,NA,NA,NA,NA,NA,NA,NA,NA,NA,NA,NA,NA,NA,NA,NA,NA
"157","V50.1",79,"P",8,92,6,"Film",2,"Blank",36.42857143,6.615714286,9,"2013 Dat",3351.428572,3351.428572,NA,NA,NA,NA,NA,NA,NA,NA,NA,16.759375,23.966906779661,22.9473324022346,20.4526043841336,0.2239375,0.247408333333333,0.207306944444444,0.189411979166667
"158","V51.1",79,"NP",1,27,6,"Film",2,"Blank",30,5.4,7,"2013 Dat",810,810,NA,NA,NA,NA,NA,NA,NA,NA,NA,16.759375,23.966906779661,22.9473324022346,20.4526043841336,0.2239375,0.247408333333333,0.207306944444444,0.189411979166667
"159","V52.1",80,"P",0,0,NA,"none",7,"Blank",NA,NA,NA,"2013 Dat",0,NA,NA,NA,NA,NA,NA,NA,NA,NA,NA,NA,NA,NA,NA,NA,NA,NA,NA
"160","V53.1",80,"NP",0,0,NA,"none",7,"Blank",NA,NA,NA,"2013 Dat",0,NA,NA,NA,NA,NA,NA,NA,NA,NA,NA,NA,NA,NA,NA,NA,NA,NA,NA
"161","V54.1",81,"P",2,4,3,"none",5,"Blank",17.25,1.365,4,"2013 Dat",69,69,NA,NA,NA,NA,NA,NA,NA,NA,NA,NA,NA,NA,NA,0.2076875,0.173790697674419,0.173790697674419,0.173790697674419
"162","V55.1",81,"NP",0,0,NA,"none",5,"Blank",NA,NA,NA,"2013 Dat",0,NA,NA,NA,NA,NA,NA,NA,NA,NA,NA,NA,NA,NA,NA,0.2076875,0.173790697674419,0.173790697674419,0.173790697674419
"163","V56.1",82,"P",0,0,NA,"Film",3,"Blank",25,5.138181818,6.727272727,"2013 Dat",0,NA,NA,NA,NA,NA,NA,NA,NA,NA,NA,16.53375,19.2090416666667,18.4020833333333,21.0304824561404,0.182270833333333,0.14775,0.189048611111111,0.136306806282723
"164","V57.1",82,"NP",0,0,NA,"Film",3,"Blank",21,NA,NA,"2013 Dat",0,NA,NA,NA,NA,NA,NA,NA,NA,NA,NA,16.53375,19.2090416666667,18.4020833333333,21.0304824561404,0.182270833333333,0.14775,0.189048611111111,0.136306806282723
"165","V58.1",83,"P",12,74,4,"Film",3,"Blank",19.4,3.78375,6.7,"2013 Dat",1435.6,1435.6,NA,NA,NA,NA,NA,NA,NA,NA,NA,16.53375,19.2090416666667,18.4020833333333,21.0304824561404,0.182270833333333,0.14775,0.189048611111111,0.136306806282723
"166","V59.1",83,"NP",5,90,6,"Film",3,"Blank",24.8,6.266666667,7.8,"2013 Dat",2232,2232,NA,NA,NA,NA,NA,NA,NA,NA,NA,16.53375,19.2090416666667,18.4020833333333,21.0304824561404,0.182270833333333,0.14775,0.189048611111111,0.136306806282723
"167","V60.1",84,"P",0,0,NA,"Film",9,"Blank",NA,5.5,NA,"2013 Dat",0,NA,NA,NA,NA,NA,NA,NA,NA,NA,NA,NA,NA,NA,NA,NA,NA,NA,NA
"168","V61.1",84,"NP",0,0,NA,"Film",9,"Blank",NA,NA,NA,"2013 Dat",0,NA,NA,NA,NA,NA,NA,NA,NA,NA,NA,NA,NA,NA,NA,NA,NA,NA,NA
"169","V62.1",85,"P",0,0,NA,"Film",1,"Blank",NA,NA,NA,"2013 Dat",0,NA,NA,NA,NA,NA,NA,NA,NA,NA,NA,22.978125,18.4705,17.6567930555556,19.9556790187891,0.061,0.0634125,0.140322222222222,0.188114583333333
"170","V63.1",85,"NP",0,0,NA,"Film",1,"Blank",NA,3.67,NA,"2013 Dat",0,NA,NA,NA,NA,NA,NA,NA,NA,NA,NA,22.978125,18.4705,17.6567930555556,19.9556790187891,0.061,0.0634125,0.140322222222222,0.188114583333333
"171","V64.1",86,"P",0,0,NA,"none",6,"Blank",NA,NA,NA,"2013 Dat",0,NA,NA,NA,NA,NA,NA,NA,NA,NA,NA,NA,NA,NA,NA,NA,NA,NA,NA
"172","V65.1",86,"NP",0,0,NA,"none",6,"Blank",NA,NA,NA,"2013 Dat",0,NA,NA,NA,NA,NA,NA,NA,NA,NA,NA,NA,NA,NA,NA,NA,NA,NA,NA
"173","V66.1",87,"P",0,0,NA,"Film",7,"Blank",NA,NA,NA,"2013 Dat",0,NA,NA,NA,NA,NA,NA,NA,NA,NA,NA,NA,NA,NA,NA,NA,NA,NA,NA
"174","V67.1",87,"NP",0,0,NA,"Film",7,"Blank",NA,NA,NA,"2013 Dat",0,NA,NA,NA,NA,NA,NA,NA,NA,NA,NA,NA,NA,NA,NA,NA,NA,NA,NA
"175","V68.1",88,"P",0,0,NA,"Film",7,"Blank",NA,NA,NA,"2013 Dat",0,NA,NA,NA,NA,NA,NA,NA,NA,NA,NA,NA,NA,NA,NA,NA,NA,NA,NA
"176","V69.1",88,"NP",0,0,NA,"Film",7,"Blank",NA,NA,NA,"2013 Dat",0,NA,NA,NA,NA,NA,NA,NA,NA,NA,NA,NA,NA,NA,NA,NA,NA,NA,NA
"177","V70.1",89,"P",2,2,3,"Film",4,"Blank",3,1.065,2,"2013 Dat",6,6,NA,NA,NA,NA,NA,NA,NA,NA,NA,20.77875,22.8422083333333,23.6521666666667,23.2330654761905,0.185333333333333,0.147175,0.101688888888889,0.101841864716636
"178","V71.1",89,"NP",0,0,NA,"Film",4,"Blank",NA,NA,NA,"2013 Dat",0,NA,NA,NA,NA,NA,NA,NA,NA,NA,NA,20.77875,22.8422083333333,23.6521666666667,23.2330654761905,0.185333333333333,0.147175,0.101688888888889,0.101841864716636
"179","V72.1",90,"P",0,0,NA,"Film",9,"Blank",NA,NA,NA,"2013 Dat",0,NA,NA,NA,NA,NA,NA,NA,NA,NA,NA,NA,NA,NA,NA,NA,NA,NA,NA
"180","V73.1",90,"NP",0,0,NA,"Film",9,"Blank",NA,NA,NA,"2013 Dat",0,NA,NA,NA,NA,NA,NA,NA,NA,NA,NA,NA,NA,NA,NA,NA,NA,NA,NA
"181","V74.1",91,"P",4,4,2,"Film",6,"Blank",1.5,1.083333333,2.333333333,"2013 Dat",6,6,NA,NA,NA,NA,NA,NA,NA,NA,NA,NA,NA,NA,NA,NA,NA,NA,NA
"182","V75.1",91,"NP",11,11,2,"Film",6,"Blank",2,1,2,"2013 Dat",22,22,NA,NA,NA,NA,NA,NA,NA,NA,NA,NA,NA,NA,NA,NA,NA,NA,NA
"183","V76.1",92,"P",0,0,NA,"none",4,"Blank",NA,NA,2,"2013 Dat",0,NA,NA,NA,NA,NA,NA,NA,NA,NA,NA,18.9558333333333,19.7929583333333,20.5855694444444,20.7355654761905,0.129166666666667,0.0950458333333333,0.0645347222222222,0.0709744058500914
"184","V77.1",92,"NP",0,0,NA,"none",4,"Blank",NA,NA,NA,"2013 Dat",0,NA,NA,NA,NA,NA,NA,NA,NA,NA,NA,18.9558333333333,19.7929583333333,20.5855694444444,20.7355654761905,0.129166666666667,0.0950458333333333,0.0645347222222222,0.0709744058500914
"185","V78.1",93,"P",9,9,3,"Film",6,"Blank",1.833333333,1.366666667,2.2,"2013 Dat",16.5,16.5,NA,NA,NA,NA,NA,NA,NA,NA,NA,NA,NA,NA,NA,NA,NA,NA,NA
"186","V79.1",93,"NP",12,12,3,"Film",6,"Blank",1.714285714,1.6,2.714285714,"2013 Dat",20.57142857,20.57142857,NA,NA,NA,NA,NA,NA,NA,NA,NA,NA,NA,NA,NA,NA,NA,NA,NA
"187","V80.1",94,"P",0,0,NA,"none",7,"Blank",NA,NA,NA,"2013 Dat",0,NA,NA,NA,NA,NA,NA,NA,NA,NA,NA,NA,NA,NA,NA,NA,NA,NA,NA
"188","V81.1",94,"NP",0,0,NA,"none",7,"Blank",NA,NA,NA,"2013 Dat",0,NA,NA,NA,NA,NA,NA,NA,NA,NA,NA,NA,NA,NA,NA,NA,NA,NA,NA
"189","V82.1",95,"P",0,0,NA,"none",9,"Blank",NA,NA,NA,"2013 Dat",0,NA,NA,NA,NA,NA,NA,NA,NA,NA,NA,NA,NA,NA,NA,NA,NA,NA,NA
"190","V83.1",95,"NP",0,0,NA,"none",9,"Blank",NA,NA,NA,"2013 Dat",0,NA,NA,NA,NA,NA,NA,NA,NA,NA,NA,NA,NA,NA,NA,NA,NA,NA,NA
"191","V84.1",96,"P",0,0,NA,"none",3,"Blank",NA,NA,NA,"2013 Dat",0,NA,NA,NA,NA,NA,NA,NA,NA,NA,NA,14.9941666666667,17.61575,16.4789222222222,18.8535438596491,0.0657916666666667,0.0396,0.0909902777777778,0.0786104712041885
"192","V85.1",96,"NP",0,0,NA,"none",3,"Blank",NA,NA,NA,"2013 Dat",0,NA,NA,NA,NA,NA,NA,NA,NA,NA,NA,14.9941666666667,17.61575,16.4789222222222,18.8535438596491,0.0657916666666667,0.0396,0.0909902777777778,0.0786104712041885
"193","V86.1",97,"P",0,0,NA,"Film",9,"Blank",NA,NA,NA,"2013 Dat",0,NA,NA,NA,NA,NA,NA,NA,NA,NA,NA,NA,NA,NA,NA,NA,NA,NA,NA
"194","V87.1",97,"NP",0,0,NA,"Film",9,"Blank",NA,NA,NA,"2013 Dat",0,NA,NA,NA,NA,NA,NA,NA,NA,NA,NA,NA,NA,NA,NA,NA,NA,NA,NA
"195","V88.1",98,"P",0,0,NA,"none",2,"Blank",NA,NA,NA,"2013 Dat",0,NA,NA,NA,NA,NA,NA,NA,NA,NA,NA,12.9179166666667,16.7774576271186,16.8669832402235,16.9936764091858,0.123270833333333,0.148445833333333,0.0781833333333333,0.0883260416666667
"196","V89.1",98,"NP",0,0,NA,"none",2,"Blank",NA,NA,NA,"2013 Dat",0,NA,NA,NA,NA,NA,NA,NA,NA,NA,NA,12.9179166666667,16.7774576271186,16.8669832402235,16.9936764091858,0.123270833333333,0.148445833333333,0.0781833333333333,0.0883260416666667
"197","V90.1",99,"P",0,0,NA,"none",8,"Blank",NA,NA,2,"2013 Dat",0,NA,NA,NA,NA,NA,NA,NA,NA,NA,NA,NA,NA,NA,NA,NA,NA,NA,NA
"198","V91.1",99,"NP",0,0,NA,"none",8,"Blank",NA,NA,2,"2013 Dat",0,NA,NA,NA,NA,NA,NA,NA,NA,NA,NA,NA,NA,NA,NA,NA,NA,NA,NA
"199","V92.1",100,"P",1,1,0,"Film",6,"Blank",2,1,NA,"2013 Dat",2,2,NA,NA,NA,NA,NA,NA,NA,NA,NA,NA,NA,NA,NA,NA,NA,NA,NA
"200","V93.1",100,"NP",2,2,1,"Film",6,"Blank",1.5,1,2,"2013 Dat",3,3,NA,NA,NA,NA,NA,NA,NA,NA,NA,NA,NA,NA,NA,NA,NA,NA,NA
"201","V94.1",101,"P",2,2,1,"Film",8,"Blank",NA,NA,4.5,"2013 Dat",0,NA,NA,NA,NA,NA,NA,NA,NA,NA,NA,NA,NA,NA,NA,NA,NA,NA,NA
"202","V95.1",101,"NP",9,9,8,"Film",8,"Blank",NA,NA,NA,"2013 Dat",0,NA,NA,NA,NA,NA,NA,NA,NA,NA,NA,NA,NA,NA,NA,NA,NA,NA,NA
"203","V96.1",102,"P",3,9,3,"none",5,"Blank",3.666666667,2.276666667,2,"2013 Dat",33,33,NA,NA,NA,NA,NA,NA,NA,NA,NA,NA,NA,NA,NA,0.2076875,0.173790697674419,0.173790697674419,0.173790697674419
"204","V97.1",102,"NP",0,0,NA,"none",5,"Blank",NA,NA,NA,"2013 Dat",0,NA,NA,NA,NA,NA,NA,NA,NA,NA,NA,NA,NA,NA,NA,0.2076875,0.173790697674419,0.173790697674419,0.173790697674419
"205","V98.1",103,"P",0,0,NA,"none",2,"Blank",18,4.48,6,"2013 Dat",0,NA,NA,NA,NA,NA,NA,NA,NA,NA,NA,12.9179166666667,16.7774576271186,16.8669832402235,16.9936764091858,0.123270833333333,0.148445833333333,0.0781833333333333,0.0883260416666667
"206","V99.1",103,"NP",0,0,NA,"none",2,"Blank",NA,NA,NA,"2013 Dat",0,NA,NA,NA,NA,NA,NA,NA,NA,NA,NA,12.9179166666667,16.7774576271186,16.8669832402235,16.9936764091858,0.123270833333333,0.148445833333333,0.0781833333333333,0.0883260416666667
"207","V100.1",104,"P",0,0,NA,"Film",7,"Blank",NA,NA,NA,"2013 Dat",0,NA,NA,NA,NA,NA,NA,NA,NA,NA,NA,NA,NA,NA,NA,NA,NA,NA,NA
"208","V101.1",104,"NP",0,0,NA,"Film",7,"Blank",NA,NA,NA,"2013 Dat",0,NA,NA,NA,NA,NA,NA,NA,NA,NA,NA,NA,NA,NA,NA,NA,NA,NA,NA
"209","V102.1",105,"P",0,0,NA,"none",9,"Blank",NA,NA,NA,"2013 Dat",0,NA,NA,NA,NA,NA,NA,NA,NA,NA,NA,NA,NA,NA,NA,NA,NA,NA,NA
"210","V103.1",105,"NP",0,0,NA,"none",9,"Blank",NA,NA,NA,"2013 Dat",0,NA,NA,NA,NA,NA,NA,NA,NA,NA,NA,NA,NA,NA,NA,NA,NA,NA,NA
"211","V104.1",106,"P",0,0,NA,"Film",4,"Blank",3,1.475,3.75,"2013 Dat",0,NA,NA,NA,NA,NA,NA,NA,NA,NA,NA,20.77875,22.8422083333333,23.6521666666667,23.2330654761905,0.185333333333333,0.147175,0.101688888888889,0.101841864716636
"212","V105.1",106,"NP",0,0,NA,"Film",4,"Blank",4.5,1.83,3,"2013 Dat",0,NA,NA,NA,NA,NA,NA,NA,NA,NA,NA,20.77875,22.8422083333333,23.6521666666667,23.2330654761905,0.185333333333333,0.147175,0.101688888888889,0.101841864716636
"213","V106.1",107,"P",0,0,NA,"none",1,"Blank",6.5,3.645,4,"2013 Dat",0,NA,NA,NA,NA,NA,NA,NA,NA,NA,NA,17.6252083333333,14.0717291666667,12.7080111111111,14.4300929018789,0.0342916666666667,0.0351708333333333,0.107776388888889,0.103339583333333
"214","V107.1",107,"NP",0,0,NA,"none",1,"Blank",NA,NA,NA,"2013 Dat",0,NA,NA,NA,NA,NA,NA,NA,NA,NA,NA,17.6252083333333,14.0717291666667,12.7080111111111,14.4300929018789,0.0342916666666667,0.0351708333333333,0.107776388888889,0.103339583333333
"215","V108.1",108,"P",0,0,NA,"none",3,"Blank",NA,NA,NA,"2013 Dat",0,NA,NA,NA,NA,NA,NA,NA,NA,NA,NA,14.9941666666667,17.61575,16.4789222222222,18.8535438596491,0.0657916666666667,0.0396,0.0909902777777778,0.0786104712041885
"216","V109.1",108,"NP",0,0,NA,"none",3,"Blank",19,5.105,6,"2013 Dat",0,NA,NA,NA,NA,NA,NA,NA,NA,NA,NA,14.9941666666667,17.61575,16.4789222222222,18.8535438596491,0.0657916666666667,0.0396,0.0909902777777778,0.0786104712041885
"217","V2",1,"P",0,0,NA,"none",7,"Aber",NA,NA,NA,"2014 Dat",0,NA,0,NA,0,NA,NA,NA,NA,NA,NA,7.63516666666667,9.26705208333333,9.26705208333333,9.26705208333333,0.0367916666666667,0.0760729166666667,0.0760729166666667,0.0760729166666667
"218","V3",1,"NP",0,0,NA,"none",7,"Aber",NA,NA,NA,"2014 Dat",0,NA,0,NA,0,NA,NA,NA,NA,NA,NA,7.63516666666667,9.26705208333333,9.26705208333333,9.26705208333333,0.0367916666666667,0.0760729166666667,0.0760729166666667,0.0760729166666667
"219","V4",2,"P",0,0,NA,"none",8,"Aber",NA,NA,NA,"2014 Dat",0,NA,0,NA,0,NA,NA,NA,NA,NA,NA,NA,NA,NA,NA,NA,NA,NA,NA
"220","V5",2,"NP",0,0,NA,"none",8,"Aber",NA,NA,NA,"2014 Dat",0,NA,0,NA,0,NA,NA,NA,NA,NA,NA,NA,NA,NA,NA,NA,NA,NA,NA
"221","V6",3,"P",0,0,NA,"Film",2,"Aber",NA,NA,NA,"2014 Dat",0,NA,0,NA,0,NA,NA,NA,NA,NA,NA,12.5909166666667,13.2954,14.9041208333333,15.2198864583333,0.114416666666667,0.101191666666667,0.0896472222222222,0.0984791666666667
"222","V7",3,"NP",0,0,NA,"Film",2,"Aber",NA,NA,NA,"2014 Dat",0,NA,0,NA,0,NA,NA,NA,NA,NA,NA,12.5909166666667,13.2954,14.9041208333333,15.2198864583333,0.114416666666667,0.101191666666667,0.0896472222222222,0.0984791666666667
"223","V8",4,"P",6,85,NA,"Film",5,"Aber",17.75,6.666666667,5.5,"2014 Dat",1508.75,1508.75,129,129,62.5,62.5,0.515503876,NA,NA,NA,NA,18.704375,18.1827916666667,17.9317777777778,17.0981328125,0.074125,0.0843583333333333,0.0955333333333333,0.081990625
"224","V9",4,"NP",4,76,NA,"Film",5,"Aber",20.125,9.25,6,"2014 Dat",1529.5,1529.5,144,144,75,75,0.479166667,NA,NA,NA,NA,18.704375,18.1827916666667,17.9317777777778,17.0981328125,0.074125,0.0843583333333333,0.0955333333333333,0.081990625
"225","V10",5,"P",0,0,NA,"Film",7,"Aber",NA,NA,NA,"2014 Dat",0,NA,0,NA,0,NA,NA,NA,NA,NA,NA,12.1834791666667,12.3153125,12.3153125,12.3153125,0.054375,0.109510416666667,0.109510416666667,0.109510416666667
"226","V11",5,"NP",0,6,NA,"Film",7,"Aber",NA,NA,NA,"2014 Dat",0,NA,0,NA,0,NA,NA,NA,NA,NA,NA,12.1834791666667,12.3153125,12.3153125,12.3153125,0.054375,0.109510416666667,0.109510416666667,0.109510416666667
"227","V12",6,"P",0,0,NA,"none",3,"Aber",NA,NA,NA,"2014 Dat",0,NA,0,NA,0,NA,NA,NA,NA,NA,NA,14.8895833333333,13.1436166666667,12.4358944444444,14.4056979166667,0.0534583333333333,0.0503083333333333,0.0529638888888889,0.0429708333333333
"228","V13",6,"NP",7,108,NA,"none",3,"Aber",50.88888889,10.77777778,6.666666667,"2014 Dat",5496,5496,1651,1651,804.5,804.5,0.512719564,NA,NA,NA,NA,14.8895833333333,13.1436166666667,12.4358944444444,14.4056979166667,0.0534583333333333,0.0503083333333333,0.0529638888888889,0.0429708333333333
"229","V14",7,"P",1,14,NA,"Film",3,"Aber",19.5,11,5,"2014 Dat",273,273,61,61,28,28,0.540983607,NA,NA,NA,NA,16.7414583333333,15.9905,15.0058541666667,17.3782473958333,0.101125,0.0937416666666667,0.100633333333333,0.0861020833333333
"230","V15",7,"NP",10,171,NA,"Film",3,"Aber",53.66666667,11.06666667,7.266666667,"2014 Dat",9177,9177,2156,2156,1001,1001,0.535714286,NA,NA,NA,NA,16.7414583333333,15.9905,15.0058541666667,17.3782473958333,0.101125,0.0937416666666667,0.100633333333333,0.0861020833333333
"231","V16",8,"P",0,0,NA,"none",6,"Aber",NA,NA,NA,"2014 Dat",0,NA,0,NA,0,NA,NA,NA,NA,NA,NA,15.0175,15.3524416666667,14.4040944444444,13.3515535714286,0.0450416666666667,0.0537166666666667,0.0473666666666667,0.0519623015873016
"232","V17",8,"NP",0,0,NA,"none",6,"Aber",NA,NA,NA,"2014 Dat",0,NA,0,NA,0,NA,NA,NA,NA,NA,NA,15.0175,15.3524416666667,14.4040944444444,13.3515535714286,0.0450416666666667,0.0537166666666667,0.0473666666666667,0.0519623015873016
"233","V18",9,"P",2,37,NA,"none",1,"Aber",31.16666667,11,7,"2014 Dat",1153.166667,1153.166667,158,158,80.5,80.5,0.490506329,NA,NA,NA,NA,NA,8.35451470588235,8.62577597402597,9.59923898678414,NA,0.0719264705882353,0.0914772727272727,0.0855055066079295
"234","V19",9,"NP",3,34,NA,"none",1,"Aber",16.16666667,10.66666667,5.333333333,"2014 Dat",549.6666667,549.6666667,94,94,46.5,46.5,0.505319149,NA,NA,NA,NA,NA,8.35451470588235,8.62577597402597,9.59923898678414,NA,0.0719264705882353,0.0914772727272727,0.0855055066079295
"235","V20",10,"P",1,33,NA,"none",1,"Aber",42,14.5,9.5,"2014 Dat",1386,1386,615,615,263,263,0.572357724,NA,NA,NA,NA,NA,8.35451470588235,8.62577597402597,9.59923898678414,NA,0.0719264705882353,0.0914772727272727,0.0855055066079295
"236","V21",10,"NP",0,104,NA,"none",1,"Aber",34.55,8.9,5.4,"2014 Dat",3593.2,3593.2,1092,1092,505,505,0.537545788,NA,NA,NA,NA,NA,8.35451470588235,8.62577597402597,9.59923898678414,NA,0.0719264705882353,0.0914772727272727,0.0855055066079295
"237","V22",11,"P",0,0,NA,"none",9,"Aber",NA,NA,NA,"2014 Dat",0,NA,0,NA,0,NA,NA,NA,NA,NA,NA,NA,NA,NA,NA,NA,NA,NA,NA
"238","V23",11,"NP",0,0,NA,"none",9,"Aber",NA,NA,NA,"2014 Dat",0,NA,0,NA,0,NA,NA,NA,NA,NA,NA,NA,NA,NA,NA,NA,NA,NA,NA
"239","V24",12,"P",0,0,NA,"Film",2,"Aber",NA,NA,NA,"2014 Dat",0,NA,0,NA,0,NA,NA,NA,NA,NA,NA,12.5909166666667,13.2954,14.9041208333333,15.2198864583333,0.114416666666667,0.101191666666667,0.0896472222222222,0.0984791666666667
"240","V25",12,"NP",1,67,NA,"Film",2,"Aber",38.66666667,9,6.666666667,"2014 Dat",2590.666667,2590.666667,874,874,377.5,377.5,0.568077803,NA,NA,NA,NA,12.5909166666667,13.2954,14.9041208333333,15.2198864583333,0.114416666666667,0.101191666666667,0.0896472222222222,0.0984791666666667
"241","V26",13,"P",0,0,NA,"none",7,"Aber",NA,NA,NA,"2014 Dat",0,NA,0,NA,0,NA,NA,NA,NA,NA,NA,7.63516666666667,9.26705208333333,9.26705208333333,9.26705208333333,0.0367916666666667,0.0760729166666667,0.0760729166666667,0.0760729166666667
"242","V27",13,"NP",0,0,NA,"none",7,"Aber",NA,NA,NA,"2014 Dat",0,NA,0,NA,0,NA,NA,NA,NA,NA,NA,7.63516666666667,9.26705208333333,9.26705208333333,9.26705208333333,0.0367916666666667,0.0760729166666667,0.0760729166666667,0.0760729166666667
"243","V28",14,"P",0,0,NA,"Film",2,"Aber",NA,NA,NA,"2014 Dat",0,NA,0,NA,0,NA,NA,NA,NA,NA,NA,12.5909166666667,13.2954,14.9041208333333,15.2198864583333,0.114416666666667,0.101191666666667,0.0896472222222222,0.0984791666666667
"244","V29",14,"NP",0,0,NA,"Film",2,"Aber",NA,NA,NA,"2014 Dat",0,NA,0,NA,0,NA,NA,NA,NA,NA,NA,12.5909166666667,13.2954,14.9041208333333,15.2198864583333,0.114416666666667,0.101191666666667,0.0896472222222222,0.0984791666666667
"245","V30",15,"NP",3,16,NA,"Film",4,"Aber",14.83333333,5.333333333,5,"2014 Dat",237.3333333,237.3333333,12,12,5,5,0.583333333,NA,NA,NA,NA,15.8064583333333,17.3185833333333,18.3055555555556,18.391515625,0.11,0.0963333333333333,0.0792361111111111,0.0818802083333333
"246","V31",15,"P",0,0,NA,"Film",4,"Aber",NA,NA,NA,"2014 Dat",0,NA,0,NA,0,NA,NA,NA,NA,NA,NA,15.8064583333333,17.3185833333333,18.3055555555556,18.391515625,0.11,0.0963333333333333,0.0792361111111111,0.0818802083333333
"247","V32",16,"P",3,67,NA,"none",2,"Aber",34.83333333,8.166666667,5.333333333,"2014 Dat",2333.833333,2333.833333,416,416,194,194,0.533653846,NA,NA,NA,NA,10.194125,9.52255,11.0533305555556,12.0773020833333,0.090875,0.0857916666666667,0.0777861111111111,0.0630322916666667
"248","V33",16,"NP",10,173,NA,"none",2,"Aber",42.34615385,7.230769231,5.846153846,"2014 Dat",7325.884615,7325.884615,1314,1314,627,627,0.52283105,NA,NA,NA,NA,10.194125,9.52255,11.0533305555556,12.0773020833333,0.090875,0.0857916666666667,0.0777861111111111,0.0630322916666667
"249","V34",17,"P",3,40,NA,"none",2,"Aber",36.2,8.6,5,"2014 Dat",1448,1448,517,517,346.5,346.5,0.329787234,NA,NA,NA,NA,10.194125,9.52255,11.0533305555556,12.0773020833333,0.090875,0.0857916666666667,0.0777861111111111,0.0630322916666667
"250","V35",17,"NP",10,257,NA,"none",2,"Aber",50.11764706,7.235294118,5.941176471,"2014 Dat",12880.23529,12880.23529,2409,2409,1115.5,1115.5,0.53694479,NA,NA,NA,NA,10.194125,9.52255,11.0533305555556,12.0773020833333,0.090875,0.0857916666666667,0.0777861111111111,0.0630322916666667
"251","V36",18,"P",0,0,NA,"Film",1,"Aber",NA,NA,NA,"2014 Dat",0,NA,0,NA,0,NA,NA,NA,NA,NA,NA,NA,9.93063235294118,10.6708685064935,12.439015969163,NA,0.10775,0.111506493506494,0.104458149779736
"252","V37",18,"NP",0,0,NA,"Film",1,"Aber",NA,NA,NA,"2014 Dat",0,NA,0,NA,0,NA,NA,NA,NA,NA,NA,NA,9.93063235294118,10.6708685064935,12.439015969163,NA,0.10775,0.111506493506494,0.104458149779736
"253","V38",19,"P",10,147,NA,"Film",4,"Aber",49.04166667,9.666666667,7.833333333,"2014 Dat",7209.125,7209.125,1122,1122,523.5,523.5,0.53342246,NA,NA,NA,NA,15.8064583333333,17.3185833333333,18.3055555555556,18.391515625,0.11,0.0963333333333333,0.0792361111111111,0.0818802083333333
"254","V39",19,"NP",10,248,NA,"Film",4,"Aber",59.73333333,9.333333333,8,"2014 Dat",14813.86667,14813.86667,2093,2093,1018.5,1018.5,0.513377926,NA,NA,NA,NA,15.8064583333333,17.3185833333333,18.3055555555556,18.391515625,0.11,0.0963333333333333,0.0792361111111111,0.0818802083333333
"255","V40",20,"P",1,9,NA,"none",4,"Aber",11.5,8,5,"2014 Dat",103.5,103.5,0,0,0,NA,NA,NA,NA,NA,NA,12.7243333333333,13.4612833333333,14.4856722222222,15.4950833333333,0.055125,0.0428333333333333,0.0341555555555556,0.0496947916666667
"256","V41",20,"NP",2,12,NA,"none",4,"Aber",11.25,9,5,"2014 Dat",135,135,0,0,0,NA,NA,NA,NA,NA,NA,12.7243333333333,13.4612833333333,14.4856722222222,15.4950833333333,0.055125,0.0428333333333333,0.0341555555555556,0.0496947916666667
"257","V42",21,"P",0,0,NA,"none",5,"Aber",NA,NA,NA,"2014 Dat",0,NA,0,NA,0,NA,NA,NA,NA,NA,NA,15.3041666666667,15.3346333333333,15.4826861111111,15.0090020833333,0.044375,0.0662916666666667,0.0727944444444444,0.0622989583333333
"258","V43",21,"NP",1,16,NA,"none",5,"Aber",8,8,5,"2014 Dat",128,128,0,NA,0,NA,NA,NA,NA,NA,NA,15.3041666666667,15.3346333333333,15.4826861111111,15.0090020833333,0.044375,0.0662916666666667,0.0727944444444444,0.0622989583333333
"259","V44",22,"P",0,0,NA,"Film",3,"Aber",NA,NA,NA,"2014 Dat",0,NA,0,NA,0,NA,NA,NA,NA,NA,NA,16.7414583333333,15.9905,15.0058541666667,17.3782473958333,0.101125,0.0937416666666667,0.100633333333333,0.0861020833333333
"260","V45",22,"NP",4,138,NA,"Film",3,"Aber",38.85714286,10.14285714,7.714285714,"2014 Dat",5362.285714,5362.285714,968,968,469,469,0.515495868,NA,NA,NA,NA,16.7414583333333,15.9905,15.0058541666667,17.3782473958333,0.101125,0.0937416666666667,0.100633333333333,0.0861020833333333
"261","V46",23,"P",6,108,NA,"none",4,"Aber",34.94444444,9.222222222,5.777777778,"2014 Dat",3774,3774,446,446,225.5,225.5,0.494394619,NA,NA,NA,NA,12.7243333333333,13.4612833333333,14.4856722222222,15.4950833333333,0.055125,0.0428333333333333,0.0341555555555556,0.0496947916666667
"262","V47",23,"NP",8,171,NA,"none",4,"Aber",51.5,10.125,7.375,"2014 Dat",8806.5,8806.5,1706,1706,804,804,0.528722157,NA,NA,NA,NA,12.7243333333333,13.4612833333333,14.4856722222222,15.4950833333333,0.055125,0.0428333333333333,0.0341555555555556,0.0496947916666667
"263","V48",24,"P",0,0,NA,"none",3,"Aber",NA,NA,NA,"2014 Dat",0,NA,0,NA,0,NA,NA,NA,NA,NA,NA,14.8895833333333,13.1436166666667,12.4358944444444,14.4056979166667,0.0534583333333333,0.0503083333333333,0.0529638888888889,0.0429708333333333
"264","V49",24,"NP",5,66,NA,"none",3,"Aber",17.9,10.4,6.4,"2014 Dat",1181.4,1181.4,239,239,120.5,120.5,0.4958159,NA,NA,NA,NA,14.8895833333333,13.1436166666667,12.4358944444444,14.4056979166667,0.0534583333333333,0.0503083333333333,0.0529638888888889,0.0429708333333333
"265","V50",25,"P",0,0,NA,"none",9,"Aber",NA,NA,NA,"2014 Dat",0,NA,0,NA,0,NA,NA,NA,NA,NA,NA,NA,NA,NA,NA,NA,NA,NA,NA
"266","V51",25,"NP",0,0,NA,"none",9,"Aber",NA,NA,NA,"2014 Dat",0,NA,0,NA,0,NA,NA,NA,NA,NA,NA,NA,NA,NA,NA,NA,NA,NA,NA
"267","V52",26,"P",0,0,NA,"Film",9,"Aber",NA,NA,NA,"2014 Dat",0,NA,0,NA,0,NA,NA,NA,NA,NA,NA,NA,NA,NA,NA,NA,NA,NA,NA
"268","V53",26,"NP",0,0,NA,"Film",9,"Aber",NA,NA,NA,"2014 Dat",0,NA,0,NA,0,NA,NA,NA,NA,NA,NA,NA,NA,NA,NA,NA,NA,NA,NA
"269","V54",27,"P",0,0,NA,"none",4,"Aber",NA,NA,NA,"2014 Dat",0,NA,0,NA,0,NA,NA,NA,NA,NA,NA,12.7243333333333,13.4612833333333,14.4856722222222,15.4950833333333,0.055125,0.0428333333333333,0.0341555555555556,0.0496947916666667
"270","V55",27,"NP",4,27,NA,"none",4,"Aber",13.66666667,9,5.666666667,"2014 Dat",369,369,15,15,8.5,8.5,0.433333333,NA,NA,NA,NA,12.7243333333333,13.4612833333333,14.4856722222222,15.4950833333333,0.055125,0.0428333333333333,0.0341555555555556,0.0496947916666667
"271","V56",28,"P",0,0,NA,"Film",8,"Aber",NA,NA,NA,"2014 Dat",0,NA,0,NA,0,NA,NA,NA,NA,NA,NA,NA,NA,NA,NA,NA,NA,NA,NA
"272","V57",28,"NP",0,0,NA,"Film",8,"Aber",NA,NA,NA,"2014 Dat",0,NA,0,NA,0,NA,NA,NA,NA,NA,NA,NA,NA,NA,NA,NA,NA,NA,NA
"273","V58",29,"P",0,0,NA,"Film",9,"Aber",NA,NA,NA,"2014 Dat",0,NA,0,NA,0,NA,NA,NA,NA,NA,NA,NA,NA,NA,NA,NA,NA,NA,NA
"274","V59",29,"NP",0,0,NA,"Film",9,"Aber",NA,NA,NA,"2014 Dat",0,NA,0,NA,0,NA,NA,NA,NA,NA,NA,NA,NA,NA,NA,NA,NA,NA,NA
"275","V60",30,"P",0,0,NA,"none",5,"Aber",NA,NA,NA,"2014 Dat",0,NA,0,NA,0,NA,NA,NA,NA,NA,NA,15.3041666666667,15.3346333333333,15.4826861111111,15.0090020833333,0.044375,0.0662916666666667,0.0727944444444444,0.0622989583333333
"276","V61",30,"NP",2,10,NA,"none",5,"Aber",10.75,6.5,4,"2014 Dat",107.5,107.5,0,0,0,NA,NA,NA,NA,NA,NA,15.3041666666667,15.3346333333333,15.4826861111111,15.0090020833333,0.044375,0.0662916666666667,0.0727944444444444,0.0622989583333333
"277","V62",31,"P",3,42,NA,"Film",5,"Aber",21.91666667,9.5,5.666666667,"2014 Dat",920.5,920.5,247,247,112.5,112.5,0.544534413,NA,NA,NA,NA,18.704375,18.1827916666667,17.9317777777778,17.0981328125,0.074125,0.0843583333333333,0.0955333333333333,0.081990625
"278","V63",31,"NP",0,196,NA,"Film",5,"Aber",26.9375,7.0625,5.125,"2014 Dat",5279.75,5279.75,555,555,256.5,256.5,0.537837838,NA,NA,NA,NA,18.704375,18.1827916666667,17.9317777777778,17.0981328125,0.074125,0.0843583333333333,0.0955333333333333,0.081990625
"279","V64",32,"P",2,12,NA,"Film",6,"Aber",16.5,6.5,4.5,"2014 Dat",198,198,9,9,4.5,4.5,0.5,NA,NA,NA,NA,16.6435416666667,16.9225,16.3443541666667,15.6169027777778,0.0645416666666667,0.0622833333333333,0.0622333333333333,0.0705654761904762
"280","V65",32,"NP",3,12,NA,"Film",6,"Aber",16.25,7,4,"2014 Dat",195,195,0,0,0,NA,NA,NA,NA,NA,NA,16.6435416666667,16.9225,16.3443541666667,15.6169027777778,0.0645416666666667,0.0622833333333333,0.0622333333333333,0.0705654761904762
"281","V66",33,"P",0,0,NA,"Film",6,"Aber",NA,NA,NA,"2014 Dat",0,NA,0,NA,0,NA,NA,NA,NA,NA,NA,16.6435416666667,16.9225,16.3443541666667,15.6169027777778,0.0645416666666667,0.0622833333333333,0.0622333333333333,0.0705654761904762
"282","V67",33,"NP",1,4,NA,"Film",6,"Aber",18.5,9,5,"2014 Dat",74,74,4,4,1.5,1.5,0.625,NA,NA,NA,NA,16.6435416666667,16.9225,16.3443541666667,15.6169027777778,0.0645416666666667,0.0622833333333333,0.0622333333333333,0.0705654761904762
"283","V68",34,"P",0,0,NA,"Film",7,"Aber",NA,NA,NA,"2014 Dat",0,NA,0,NA,0,NA,NA,NA,NA,NA,NA,12.1834791666667,12.3153125,12.3153125,12.3153125,0.054375,0.109510416666667,0.109510416666667,0.109510416666667
"284","V69",34,"NP",1,2,NA,"Film",7,"Aber",18,3,3,"2014 Dat",36,36,0,NA,0,NA,NA,NA,NA,NA,NA,12.1834791666667,12.3153125,12.3153125,12.3153125,0.054375,0.109510416666667,0.109510416666667,0.109510416666667
"285","V70",35,"P",0,0,NA,"Film",5,"Aber",NA,NA,NA,"2014 Dat",0,NA,0,NA,0,NA,NA,NA,NA,NA,NA,18.704375,18.1827916666667,17.9317777777778,17.0981328125,0.074125,0.0843583333333333,0.0955333333333333,0.081990625
"286","V71",35,"NP",8,91,NA,"Film",5,"Aber",21.72727273,8.363636364,5.090909091,"2014 Dat",1977.181818,1977.181818,216,216,108.5,108.5,0.497685185,NA,NA,NA,NA,18.704375,18.1827916666667,17.9317777777778,17.0981328125,0.074125,0.0843583333333333,0.0955333333333333,0.081990625
"287","V72",36,"P",0,0,NA,"Film",6,"Aber",NA,NA,NA,"2014 Dat",0,NA,0,NA,0,NA,NA,NA,NA,NA,NA,16.6435416666667,16.9225,16.3443541666667,15.6169027777778,0.0645416666666667,0.0622833333333333,0.0622333333333333,0.0705654761904762
"288","V73",36,"NP",5,20,NA,"Film",6,"Aber",17.66666667,7.666666667,5.666666667,"2014 Dat",353.3333333,353.3333333,15,15,6.5,6.5,0.566666667,NA,NA,NA,NA,16.6435416666667,16.9225,16.3443541666667,15.6169027777778,0.0645416666666667,0.0622833333333333,0.0622333333333333,0.0705654761904762
"289","V74",37,"P",0,0,NA,"Film",8,"Aber",NA,NA,NA,"2014 Dat",0,NA,0,NA,0,NA,NA,NA,NA,NA,NA,NA,NA,NA,NA,NA,NA,NA,NA
"290","V75",37,"NP",0,0,NA,"Film",8,"Aber",NA,NA,NA,"2014 Dat",0,NA,0,NA,0,NA,NA,NA,NA,NA,NA,NA,NA,NA,NA,NA,NA,NA,NA
"291","V76",38,"P",0,0,NA,"none",1,"Aber",NA,NA,NA,"2014 Dat",0,NA,0,NA,0,NA,NA,NA,NA,NA,NA,NA,8.35451470588235,8.62577597402597,9.59923898678414,NA,0.0719264705882353,0.0914772727272727,0.0855055066079295
"292","V77",38,"NP",1,22,NA,"none",1,"Aber",17.5,9.333333333,5.333333333,"2014 Dat",385,385,87,87,44.5,44.5,0.488505747,NA,NA,NA,NA,NA,8.35451470588235,8.62577597402597,9.59923898678414,NA,0.0719264705882353,0.0914772727272727,0.0855055066079295
"293","V78",39,"NP",0,0,NA,"Film",8,"Aber",NA,NA,NA,"2014 Dat",0,NA,0,NA,0,NA,NA,NA,NA,NA,NA,NA,NA,NA,NA,NA,NA,NA,NA
"294","V79",39,"P",0,0,NA,"Film",8,"Aber",NA,NA,NA,"2014 Dat",0,NA,0,NA,0,NA,NA,NA,NA,NA,NA,NA,NA,NA,NA,NA,NA,NA,NA
"295","V80",40,"P",0,0,NA,"none",6,"Aber",NA,NA,NA,"2014 Dat",0,NA,0,NA,0,NA,NA,NA,NA,NA,NA,15.0175,15.3524416666667,14.4040944444444,13.3515535714286,0.0450416666666667,0.0537166666666667,0.0473666666666667,0.0519623015873016
"296","V81",40,"NP",0,0,NA,"none",6,"Aber",NA,NA,NA,"2014 Dat",0,NA,0,NA,0,NA,NA,NA,NA,NA,NA,15.0175,15.3524416666667,14.4040944444444,13.3515535714286,0.0450416666666667,0.0537166666666667,0.0473666666666667,0.0519623015873016
"297","V82",41,"P",0,0,NA,"none",8,"Aber",NA,NA,NA,"2014 Dat",0,NA,0,NA,0,NA,NA,NA,NA,NA,NA,NA,NA,NA,NA,NA,NA,NA,NA
"298","V83",41,"NP",0,0,NA,"none",8,"Aber",NA,NA,NA,"2014 Dat",0,NA,0,NA,0,NA,NA,NA,NA,NA,NA,NA,NA,NA,NA,NA,NA,NA,NA
"299","V84",42,"P",0,0,NA,"none",6,"Aber",NA,NA,NA,"2014 Dat",0,NA,0,NA,0,NA,NA,NA,NA,NA,NA,15.0175,15.3524416666667,14.4040944444444,13.3515535714286,0.0450416666666667,0.0537166666666667,0.0473666666666667,0.0519623015873016
"300","V85",42,"NP",0,0,NA,"none",6,"Aber",NA,NA,NA,"2014 Dat",0,NA,0,NA,0,NA,NA,NA,NA,NA,NA,15.0175,15.3524416666667,14.4040944444444,13.3515535714286,0.0450416666666667,0.0537166666666667,0.0473666666666667,0.0519623015873016
"301","V86",43,"P",0,0,NA,"Film",1,"Aber",NA,NA,NA,"2014 Dat",0,NA,0,NA,0,NA,NA,NA,NA,NA,NA,NA,9.93063235294118,10.6708685064935,12.439015969163,NA,0.10775,0.111506493506494,0.104458149779736
"302","V87",43,"NP",1,5,NA,"Film",1,"Aber",9,9,5,"2014 Dat",45,45,0,NA,0,NA,NA,NA,NA,NA,NA,NA,9.93063235294118,10.6708685064935,12.439015969163,NA,0.10775,0.111506493506494,0.104458149779736
"303","V88",44,"P",0,0,NA,"none",8,"Aber",NA,NA,NA,"2014 Dat",0,NA,0,NA,0,NA,NA,NA,NA,NA,NA,NA,NA,NA,NA,NA,NA,NA,NA
"304","V89",44,"NP",0,0,NA,"none",8,"Aber",NA,NA,NA,"2014 Dat",0,NA,0,NA,0,NA,NA,NA,NA,NA,NA,NA,NA,NA,NA,NA,NA,NA,NA
"305","V90",45,"P",7,88,NA,"none",2,"Aber",47,8.846153846,7.307692308,"2014 Dat",4136,4136,891,891,442,442,0.503928171,NA,NA,NA,NA,10.194125,9.52255,11.0533305555556,12.0773020833333,0.090875,0.0857916666666667,0.0777861111111111,0.0630322916666667
"306","V91",45,"NP",12,276,NA,"none",2,"Aber",61.81578947,8.052631579,9.526315789,"2014 Dat",17061.15789,17061.15789,1888,1888,913,913,0.516419492,NA,NA,NA,NA,10.194125,9.52255,11.0533305555556,12.0773020833333,0.090875,0.0857916666666667,0.0777861111111111,0.0630322916666667
"307","V92",46,"P",2,6,NA,"Film",7,"Aber",3.5,3.5,2.5,"2014 Dat",21,21,0,NA,0,NA,NA,NA,NA,NA,NA,12.1834791666667,12.3153125,12.3153125,12.3153125,0.054375,0.109510416666667,0.109510416666667,0.109510416666667
"308","V93",46,"NP",1,3,NA,"Film",7,"Aber",7.5,5,4,"2014 Dat",22.5,22.5,0,0,0,NA,NA,NA,NA,NA,NA,12.1834791666667,12.3153125,12.3153125,12.3153125,0.054375,0.109510416666667,0.109510416666667,0.109510416666667
"309","V94",47,"P",0,0,NA,"none",3,"Aber",NA,NA,NA,"2014 Dat",0,NA,0,NA,0,NA,NA,NA,NA,NA,NA,14.8895833333333,13.1436166666667,12.4358944444444,14.4056979166667,0.0534583333333333,0.0503083333333333,0.0529638888888889,0.0429708333333333
"310","V95",47,"NP",6,101,NA,"none",3,"Aber",23.9,8.1,5.7,"2014 Dat",2413.9,2413.9,566,566,281.5,281.5,0.502650177,NA,NA,NA,NA,14.8895833333333,13.1436166666667,12.4358944444444,14.4056979166667,0.0534583333333333,0.0503083333333333,0.0529638888888889,0.0429708333333333
"311","V96",48,"P",0,0,NA,"Film",1,"Aber",NA,NA,NA,"2014 Dat",0,NA,0,NA,0,NA,NA,NA,NA,NA,NA,NA,9.93063235294118,10.6708685064935,12.439015969163,NA,0.10775,0.111506493506494,0.104458149779736
"312","V97",48,"NP",0,0,NA,"Film",1,"Aber",NA,NA,NA,"2014 Dat",0,NA,0,NA,0,NA,NA,NA,NA,NA,NA,NA,9.93063235294118,10.6708685064935,12.439015969163,NA,0.10775,0.111506493506494,0.104458149779736
"313","V98",49,"P",0,0,NA,"none",9,"Aber",NA,NA,NA,"2014 Dat",0,NA,0,NA,0,NA,NA,NA,NA,NA,NA,NA,NA,NA,NA,NA,NA,NA,NA
"314","V99",49,"NP",0,0,NA,"none",9,"Aber",NA,NA,NA,"2014 Dat",0,NA,0,NA,0,NA,NA,NA,NA,NA,NA,NA,NA,NA,NA,NA,NA,NA,NA
"315","V100",50,"P",0,0,NA,"Film",3,"Aber",NA,NA,NA,"2014 Dat",0,NA,0,NA,0,NA,NA,NA,NA,NA,NA,16.7414583333333,15.9905,15.0058541666667,17.3782473958333,0.101125,0.0937416666666667,0.100633333333333,0.0861020833333333
"316","V101",50,"NP",15,314,NA,"Film",3,"Aber",51.32352941,6.764705882,6.588235294,"2014 Dat",16115.58824,16115.58824,2307,2307,1121.5,1121.5,0.513870828,NA,NA,NA,NA,16.7414583333333,15.9905,15.0058541666667,17.3782473958333,0.101125,0.0937416666666667,0.100633333333333,0.0861020833333333
"317","V102",51,"P",0,0,NA,"none",7,"Aber",NA,NA,NA,"2014 Dat",0,NA,0,NA,0,NA,NA,NA,NA,NA,NA,7.63516666666667,9.26705208333333,9.26705208333333,9.26705208333333,0.0367916666666667,0.0760729166666667,0.0760729166666667,0.0760729166666667
"318","V103",51,"NP",1,2,NA,"none",7,"Aber",4,4,3,"2014 Dat",8,8,0,NA,0,NA,NA,NA,NA,NA,NA,7.63516666666667,9.26705208333333,9.26705208333333,9.26705208333333,0.0367916666666667,0.0760729166666667,0.0760729166666667,0.0760729166666667
"319","V104",52,"P",8,151,NA,"Film",4,"Aber",44.1,8.9,7,"2014 Dat",6659.1,6659.1,1070,1070,498,498,0.534579439,NA,NA,NA,NA,15.8064583333333,17.3185833333333,18.3055555555556,18.391515625,0.11,0.0963333333333333,0.0792361111111111,0.0818802083333333
"320","V105",52,"NP",10,176,NA,"Film",4,"Aber",37.8,7.866666667,6.933333333,"2014 Dat",6652.8,6652.8,1358,1358,637,637,0.530927835,NA,NA,NA,NA,15.8064583333333,17.3185833333333,18.3055555555556,18.391515625,0.11,0.0963333333333333,0.0792361111111111,0.0818802083333333
"321","V106",53,"P",0,0,NA,"Film",9,"Aber",NA,NA,NA,"2014 Dat",0,NA,0,NA,0,NA,NA,NA,NA,NA,NA,NA,NA,NA,NA,NA,NA,NA,NA
"322","V107",53,"NP",0,0,NA,"Film",9,"Aber",NA,NA,NA,"2014 Dat",0,NA,0,NA,0,NA,NA,NA,NA,NA,NA,NA,NA,NA,NA,NA,NA,NA,NA
"323","V108",54,"P",0,0,NA,"none",5,"Aber",NA,NA,NA,"2014 Dat",0,NA,0,NA,0,NA,NA,NA,NA,NA,NA,15.3041666666667,15.3346333333333,15.4826861111111,15.0090020833333,0.044375,0.0662916666666667,0.0727944444444444,0.0622989583333333
"324","V109",54,"NP",2,17,NA,"none",5,"Aber",29,10.5,5.5,"2014 Dat",493,493,110,110,51.5,51.5,0.531818182,NA,NA,NA,NA,15.3041666666667,15.3346333333333,15.4826861111111,15.0090020833333,0.044375,0.0662916666666667,0.0727944444444444,0.0622989583333333
"325","V2.1",55,"P",0,0,NA,"Film",5,"Blank",24,8.3,7,"2014 Dat",0,NA,NA,NA,NA,NA,NA,NA,NA,NA,NA,NA,NA,NA,NA,0.225791666666667,0.193162790697674,0.193162790697674,0.193162790697674
"326","V3.1",55,"NP",0,57,2,"Film",5,"Blank",18.25,5.35,7.25,"2014 Dat",1040.25,1040.25,NA,NA,NA,NA,NA,NA,NA,NA,NA,NA,NA,NA,NA,0.225791666666667,0.193162790697674,0.193162790697674,0.193162790697674
"327","V4.1",56,"P",0,0,NA,"none",9,"Blank",NA,NA,NA,"2014 Dat",0,NA,NA,NA,NA,NA,NA,NA,NA,NA,NA,NA,NA,NA,NA,NA,NA,NA,NA
"328","V5.1",56,"NP",0,0,NA,"none",9,"Blank",NA,NA,NA,"2014 Dat",0,NA,NA,NA,NA,NA,NA,NA,NA,NA,NA,NA,NA,NA,NA,NA,NA,NA,NA
"329","V6.1",57,"P",0,121,3,"Film",3,"Blank",99.88888889,6.115,11.22222222,"2014 Dat",12086.55556,12086.55556,NA,NA,NA,NA,NA,NA,NA,NA,NA,16.53375,19.2090416666667,18.4020833333333,21.0304824561404,0.182270833333333,0.14775,0.189048611111111,0.136306806282723
"330","V7.1",57,"NP",0,163,2,"Film",3,"Blank",112.75,6.56625,12.625,"2014 Dat",18378.25,18378.25,NA,NA,NA,NA,NA,NA,NA,NA,NA,16.53375,19.2090416666667,18.4020833333333,21.0304824561404,0.182270833333333,0.14775,0.189048611111111,0.136306806282723
"331","V8.1",58,"P",0,28,5,"none",3,"Blank",63.33333333,7.083333333,9.333333333,"2014 Dat",1773.333333,1773.333333,NA,NA,NA,NA,NA,NA,NA,NA,NA,14.9941666666667,17.61575,16.4789222222222,18.8535438596491,0.0657916666666667,0.0396,0.0909902777777778,0.0786104712041885
"332","V9.1",58,"NP",0,47,3,"none",3,"Blank",62.5,8.4,8.5,"2014 Dat",2937.5,2937.5,NA,NA,NA,NA,NA,NA,NA,NA,NA,14.9941666666667,17.61575,16.4789222222222,18.8535438596491,0.0657916666666667,0.0396,0.0909902777777778,0.0786104712041885
"333","V10.1",59,"P",0,112,4,"none",1,"Blank",90.16666667,8.083333333,10.66666667,"2014 Dat",10098.66667,10098.66667,NA,NA,NA,NA,NA,NA,NA,NA,NA,17.6252083333333,14.0717291666667,12.7080111111111,14.4300929018789,0.0342916666666667,0.0351708333333333,0.107776388888889,0.103339583333333
"334","V11.1",59,"NP",0,56,5,"none",1,"Blank",NA,NA,NA,"2014 Dat",0,NA,NA,NA,NA,NA,NA,NA,NA,NA,NA,17.6252083333333,14.0717291666667,12.7080111111111,14.4300929018789,0.0342916666666667,0.0351708333333333,0.107776388888889,0.103339583333333
"335","V12.1",60,"P",0,0,NA,"Film",8,"Blank",NA,NA,NA,"2014 Dat",0,NA,NA,NA,NA,NA,NA,NA,NA,NA,NA,NA,NA,NA,NA,NA,NA,NA,NA
"336","V13.1",60,"NP",0,0,NA,"Film",8,"Blank",NA,NA,NA,"2014 Dat",0,NA,NA,NA,NA,NA,NA,NA,NA,NA,NA,NA,NA,NA,NA,NA,NA,NA,NA
"337","V14.1",61,"P",0,0,NA,"Film",5,"Blank",NA,NA,NA,"2014 Dat",0,NA,NA,NA,NA,NA,NA,NA,NA,NA,NA,NA,NA,NA,NA,0.225791666666667,0.193162790697674,0.193162790697674,0.193162790697674
"338","V15.1",61,"NP",0,54,4,"Film",5,"Blank",20.16666667,4.433333333,6.166666667,"2014 Dat",1089,1089,NA,NA,NA,NA,NA,NA,NA,NA,NA,NA,NA,NA,NA,0.225791666666667,0.193162790697674,0.193162790697674,0.193162790697674
"339","V16.1",62,"P",0,0,NA,"none",4,"Blank",NA,NA,NA,"2014 Dat",0,NA,NA,NA,NA,NA,NA,NA,NA,NA,NA,18.9558333333333,19.7929583333333,20.5855694444444,20.7355654761905,0.129166666666667,0.0950458333333333,0.0645347222222222,0.0709744058500914
"340","V17.1",62,"NP",0,0,NA,"none",4,"Blank",NA,NA,NA,"2014 Dat",0,NA,NA,NA,NA,NA,NA,NA,NA,NA,NA,18.9558333333333,19.7929583333333,20.5855694444444,20.7355654761905,0.129166666666667,0.0950458333333333,0.0645347222222222,0.0709744058500914
"341","V18.1",63,"P",0,0,NA,"none",7,"Blank",NA,NA,NA,"2014 Dat",0,NA,NA,NA,NA,NA,NA,NA,NA,NA,NA,NA,NA,NA,NA,NA,NA,NA,NA
"342","V19.1",63,"NP",0,0,NA,"none",7,"Blank",NA,NA,NA,"2014 Dat",0,NA,NA,NA,NA,NA,NA,NA,NA,NA,NA,NA,NA,NA,NA,NA,NA,NA,NA
"343","V20.1",64,"P",0,0,NA,"none",4,"Blank",NA,NA,NA,"2014 Dat",0,NA,NA,NA,NA,NA,NA,NA,NA,NA,NA,18.9558333333333,19.7929583333333,20.5855694444444,20.7355654761905,0.129166666666667,0.0950458333333333,0.0645347222222222,0.0709744058500914
"344","V21.1",64,"NP",0,0,NA,"none",4,"Blank",NA,NA,NA,"2014 Dat",0,NA,NA,NA,NA,NA,NA,NA,NA,NA,NA,18.9558333333333,19.7929583333333,20.5855694444444,20.7355654761905,0.129166666666667,0.0950458333333333,0.0645347222222222,0.0709744058500914
"345","V22.1",65,"P",0,0,NA,"Film",5,"Blank",NA,NA,NA,"2014 Dat",0,NA,NA,NA,NA,NA,NA,NA,NA,NA,NA,NA,NA,NA,NA,0.225791666666667,0.193162790697674,0.193162790697674,0.193162790697674
"346","V23.1",65,"NP",0,0,NA,"Film",5,"Blank",NA,NA,NA,"2014 Dat",0,NA,NA,NA,NA,NA,NA,NA,NA,NA,NA,NA,NA,NA,NA,0.225791666666667,0.193162790697674,0.193162790697674,0.193162790697674
"347","V24.1",66,"P",0,0,NA,"none",5,"Blank",NA,NA,NA,"2014 Dat",0,NA,NA,NA,NA,NA,NA,NA,NA,NA,NA,NA,NA,NA,NA,0.2076875,0.173790697674419,0.173790697674419,0.173790697674419
"348","V25.1",66,"NP",0,0,NA,"none",5,"Blank",NA,NA,NA,"2014 Dat",0,NA,NA,NA,NA,NA,NA,NA,NA,NA,NA,NA,NA,NA,NA,0.2076875,0.173790697674419,0.173790697674419,0.173790697674419
"349","V26.1",67,"P",0,0,NA,"Film",4,"Blank",NA,NA,NA,"2014 Dat",0,NA,NA,NA,NA,NA,NA,NA,NA,NA,NA,20.77875,22.8422083333333,23.6521666666667,23.2330654761905,0.185333333333333,0.147175,0.101688888888889,0.101841864716636
"350","V27.1",67,"NP",0,13,3,"Film",4,"Blank",34,10,7,"2014 Dat",442,442,NA,NA,NA,NA,NA,NA,NA,NA,NA,20.77875,22.8422083333333,23.6521666666667,23.2330654761905,0.185333333333333,0.147175,0.101688888888889,0.101841864716636
"351","V28.1",68,"P",0,64,3,"Film",2,"Blank",107.875,7.625,12,"2014 Dat",6904,6904,NA,NA,NA,NA,NA,NA,NA,NA,NA,16.759375,23.966906779661,22.9473324022346,20.4526043841336,0.2239375,0.247408333333333,0.207306944444444,0.189411979166667
"352","V29.1",68,"NP",0,185,3,"Film",2,"Blank",93.27272727,7.272727273,12,"2014 Dat",17255.45455,17255.45455,NA,NA,NA,NA,NA,NA,NA,NA,NA,16.759375,23.966906779661,22.9473324022346,20.4526043841336,0.2239375,0.247408333333333,0.207306944444444,0.189411979166667
"353","V30.1",69,"P",0,0,NA,"none",6,"Blank",NA,NA,NA,"2014 Dat",0,NA,NA,NA,NA,NA,NA,NA,NA,NA,NA,NA,NA,NA,NA,NA,NA,NA,NA
"354","V31.1",69,"NP",0,0,NA,"none",6,"Blank",NA,NA,NA,"2014 Dat",0,NA,NA,NA,NA,NA,NA,NA,NA,NA,NA,NA,NA,NA,NA,NA,NA,NA,NA
"355","V32.1",70,"P",0,0,NA,"none",2,"Blank",NA,NA,NA,"2014 Dat",0,NA,NA,NA,NA,NA,NA,NA,NA,NA,NA,12.9179166666667,16.7774576271186,16.8669832402235,16.9936764091858,0.123270833333333,0.148445833333333,0.0781833333333333,0.0883260416666667
"356","V33.1",70,"NP",0,35,4,"none",2,"Blank",42.66666667,8.333333333,8.666666667,"2014 Dat",1493.333333,1493.333333,NA,NA,NA,NA,NA,NA,NA,NA,NA,12.9179166666667,16.7774576271186,16.8669832402235,16.9936764091858,0.123270833333333,0.148445833333333,0.0781833333333333,0.0883260416666667
"357","V34.1",71,"P",0,33,4,"Film",1,"Blank",61,8.333333333,10.33333333,"2014 Dat",2013,2013,NA,NA,NA,NA,NA,NA,NA,NA,NA,22.978125,18.4705,17.6567930555556,19.9556790187891,0.061,0.0634125,0.140322222222222,0.188114583333333
"358","V35.1",71,"NP",0,95,4,"Film",1,"Blank",102.2,9.6,12.6,"2014 Dat",9709,9709,NA,NA,NA,NA,NA,NA,NA,NA,NA,22.978125,18.4705,17.6567930555556,19.9556790187891,0.061,0.0634125,0.140322222222222,0.188114583333333
"359","V36.1",72,"P",0,78,6,"none",8,"Blank",NA,NA,NA,"2014 Dat",0,NA,NA,NA,NA,NA,NA,NA,NA,NA,NA,NA,NA,NA,NA,NA,NA,NA,NA
"360","V37.1",72,"NP",0,72,5,"none",8,"Blank",NA,NA,NA,"2014 Dat",0,NA,NA,NA,NA,NA,NA,NA,NA,NA,NA,NA,NA,NA,NA,NA,NA,NA,NA
"361","V38.1",73,"P",0,0,NA,"Film",2,"Blank",71.57142857,7.714285714,8.428571429,"2014 Dat",0,NA,NA,NA,NA,NA,NA,NA,NA,NA,NA,16.759375,23.966906779661,22.9473324022346,20.4526043841336,0.2239375,0.247408333333333,0.207306944444444,0.189411979166667
"362","V39.1",73,"NP",0,0,NA,"Film",2,"Blank",70.66666667,9,9.166666667,"2014 Dat",0,NA,NA,NA,NA,NA,NA,NA,NA,NA,NA,16.759375,23.966906779661,22.9473324022346,20.4526043841336,0.2239375,0.247408333333333,0.207306944444444,0.189411979166667
"363","V40.1",74,"P",0,0,NA,"none",8,"Blank",NA,NA,NA,"2014 Dat",0,NA,NA,NA,NA,NA,NA,NA,NA,NA,NA,NA,NA,NA,NA,NA,NA,NA,NA
"364","V41.1",74,"NP",0,0,NA,"none",8,"Blank",NA,NA,NA,"2014 Dat",0,NA,NA,NA,NA,NA,NA,NA,NA,NA,NA,NA,NA,NA,NA,NA,NA,NA,NA
"365","V42.1",75,"P",0,120,3,"Film",1,"Blank",113,8.666666667,10,"2014 Dat",13560,13560,NA,NA,NA,NA,NA,NA,NA,NA,NA,22.978125,18.4705,17.6567930555556,19.9556790187891,0.061,0.0634125,0.140322222222222,0.188114583333333
"366","V43.1",75,"NP",0,210,2,"Film",1,"Blank",97.15384615,8.384615385,11.81818182,"2014 Dat",20402.30769,20402.30769,NA,NA,NA,NA,NA,NA,NA,NA,NA,22.978125,18.4705,17.6567930555556,19.9556790187891,0.061,0.0634125,0.140322222222222,0.188114583333333
"367","V44.1",76,"P",0,0,NA,"Film",8,"Blank",NA,NA,NA,"2014 Dat",0,NA,NA,NA,NA,NA,NA,NA,NA,NA,NA,NA,NA,NA,NA,NA,NA,NA,NA
"368","V45.1",76,"NP",0,0,NA,"Film",8,"Blank",NA,NA,12,"2014 Dat",0,NA,NA,NA,NA,NA,NA,NA,NA,NA,NA,NA,NA,NA,NA,NA,NA,NA,NA
"369","V46.1",77,"P",0,184,4,"none",1,"Blank",105.4,6.7,10.6,"2014 Dat",19393.6,19393.6,NA,NA,NA,NA,NA,NA,NA,NA,NA,17.6252083333333,14.0717291666667,12.7080111111111,14.4300929018789,0.0342916666666667,0.0351708333333333,0.107776388888889,0.103339583333333
"370","V47.1",77,"NP",0,265,3,"none",1,"Blank",109.4666667,6.866666667,11.33333333,"2014 Dat",29008.66667,29008.66667,NA,NA,NA,NA,NA,NA,NA,NA,NA,17.6252083333333,14.0717291666667,12.7080111111111,14.4300929018789,0.0342916666666667,0.0351708333333333,0.107776388888889,0.103339583333333
"371","V48.1",78,"P",0,0,NA,"none",6,"Blank",70.33333333,7.666666667,8.666666667,"2014 Dat",0,NA,NA,NA,NA,NA,NA,NA,NA,NA,NA,NA,NA,NA,NA,NA,NA,NA,NA
"372","V49.1",78,"NP",0,0,NA,"none",6,"Blank",73.11111111,9.333333333,8.666666667,"2014 Dat",0,NA,NA,NA,NA,NA,NA,NA,NA,NA,NA,NA,NA,NA,NA,NA,NA,NA,NA
"373","V50.1",79,"P",0,90,6,"Film",2,"Blank",NA,NA,NA,"2014 Dat",0,NA,NA,NA,NA,NA,NA,NA,NA,NA,NA,16.759375,23.966906779661,22.9473324022346,20.4526043841336,0.2239375,0.247408333333333,0.207306944444444,0.189411979166667
"374","V51.1",79,"NP",0,185,3,"Film",2,"Blank",NA,NA,NA,"2014 Dat",0,NA,NA,NA,NA,NA,NA,NA,NA,NA,NA,16.759375,23.966906779661,22.9473324022346,20.4526043841336,0.2239375,0.247408333333333,0.207306944444444,0.189411979166667
"375","V52.1",80,"P",0,0,NA,"none",7,"Blank",NA,NA,NA,"2014 Dat",0,NA,NA,NA,NA,NA,NA,NA,NA,NA,NA,NA,NA,NA,NA,NA,NA,NA,NA
"376","V53.1",80,"NP",0,0,NA,"none",7,"Blank",NA,NA,NA,"2014 Dat",0,NA,NA,NA,NA,NA,NA,NA,NA,NA,NA,NA,NA,NA,NA,NA,NA,NA,NA
"377","V54.1",81,"P",0,0,NA,"none",5,"Blank",NA,NA,NA,"2014 Dat",0,NA,NA,NA,NA,NA,NA,NA,NA,NA,NA,NA,NA,NA,NA,0.2076875,0.173790697674419,0.173790697674419,0.173790697674419
"378","V55.1",81,"NP",0,0,NA,"none",5,"Blank",NA,NA,NA,"2014 Dat",0,NA,NA,NA,NA,NA,NA,NA,NA,NA,NA,NA,NA,NA,NA,0.2076875,0.173790697674419,0.173790697674419,0.173790697674419
"379","V56.1",82,"P",0,0,NA,"Film",3,"Blank",NA,NA,NA,"2014 Dat",0,NA,NA,NA,NA,NA,NA,NA,NA,NA,NA,16.53375,19.2090416666667,18.4020833333333,21.0304824561404,0.182270833333333,0.14775,0.189048611111111,0.136306806282723
"380","V57.1",82,"NP",0,290,4,"Film",3,"Blank",85.875,7.625,8.875,"2014 Dat",24903.75,24903.75,NA,NA,NA,NA,NA,NA,NA,NA,NA,16.53375,19.2090416666667,18.4020833333333,21.0304824561404,0.182270833333333,0.14775,0.189048611111111,0.136306806282723
"381","V58.1",83,"P",0,138,4,"Film",3,"Blank",77.625,6.777777778,7.222222222,"2014 Dat",10712.25,10712.25,NA,NA,NA,NA,NA,NA,NA,NA,NA,16.53375,19.2090416666667,18.4020833333333,21.0304824561404,0.182270833333333,0.14775,0.189048611111111,0.136306806282723
"382","V59.1",83,"NP",0,165,3,"Film",3,"Blank",54.8,7.7,8.5,"2014 Dat",9042,9042,NA,NA,NA,NA,NA,NA,NA,NA,NA,16.53375,19.2090416666667,18.4020833333333,21.0304824561404,0.182270833333333,0.14775,0.189048611111111,0.136306806282723
"383","V60.1",84,"P",0,7,5,"Film",9,"Blank",NA,NA,NA,"2014 Dat",0,NA,NA,NA,NA,NA,NA,NA,NA,NA,NA,NA,NA,NA,NA,NA,NA,NA,NA
"384","V61.1",84,"NP",0,0,NA,"Film",9,"Blank",NA,NA,NA,"2014 Dat",0,NA,NA,NA,NA,NA,NA,NA,NA,NA,NA,NA,NA,NA,NA,NA,NA,NA,NA
"385","V62.1",85,"P",0,0,NA,"Film",1,"Blank",NA,NA,NA,"2014 Dat",0,NA,NA,NA,NA,NA,NA,NA,NA,NA,NA,22.978125,18.4705,17.6567930555556,19.9556790187891,0.061,0.0634125,0.140322222222222,0.188114583333333
"386","V63.1",85,"NP",0,0,NA,"Film",1,"Blank",NA,NA,NA,"2014 Dat",0,NA,NA,NA,NA,NA,NA,NA,NA,NA,NA,22.978125,18.4705,17.6567930555556,19.9556790187891,0.061,0.0634125,0.140322222222222,0.188114583333333
"387","V64.1",86,"P",0,0,NA,"none",6,"Blank",NA,NA,NA,"2014 Dat",0,NA,NA,NA,NA,NA,NA,NA,NA,NA,NA,NA,NA,NA,NA,NA,NA,NA,NA
"388","V65.1",86,"NP",0,0,NA,"none",6,"Blank",NA,NA,NA,"2014 Dat",0,NA,NA,NA,NA,NA,NA,NA,NA,NA,NA,NA,NA,NA,NA,NA,NA,NA,NA
"389","V66.1",87,"P",0,0,NA,"Film",7,"Blank",NA,NA,NA,"2014 Dat",0,NA,NA,NA,NA,NA,NA,NA,NA,NA,NA,NA,NA,NA,NA,NA,NA,NA,NA
"390","V67.1",87,"NP",0,0,NA,"Film",7,"Blank",NA,NA,NA,"2014 Dat",0,NA,NA,NA,NA,NA,NA,NA,NA,NA,NA,NA,NA,NA,NA,NA,NA,NA,NA
"391","V68.1",88,"P",0,10,5,"Film",7,"Blank",NA,NA,NA,"2014 Dat",0,NA,NA,NA,NA,NA,NA,NA,NA,NA,NA,NA,NA,NA,NA,NA,NA,NA,NA
"392","V69.1",88,"NP",0,0,NA,"Film",7,"Blank",NA,NA,NA,"2014 Dat",0,NA,NA,NA,NA,NA,NA,NA,NA,NA,NA,NA,NA,NA,NA,NA,NA,NA,NA
"393","V70.1",89,"P",0,0,NA,"Film",4,"Blank",NA,NA,NA,"2014 Dat",0,NA,NA,NA,NA,NA,NA,NA,NA,NA,NA,20.77875,22.8422083333333,23.6521666666667,23.2330654761905,0.185333333333333,0.147175,0.101688888888889,0.101841864716636
"394","V71.1",89,"NP",0,0,NA,"Film",4,"Blank",NA,NA,NA,"2014 Dat",0,NA,NA,NA,NA,NA,NA,NA,NA,NA,NA,20.77875,22.8422083333333,23.6521666666667,23.2330654761905,0.185333333333333,0.147175,0.101688888888889,0.101841864716636
"395","V72.1",90,"P",0,5,4,"Film",9,"Blank",NA,NA,NA,"2014 Dat",0,NA,NA,NA,NA,NA,NA,NA,NA,NA,NA,NA,NA,NA,NA,NA,NA,NA,NA
"396","V73.1",90,"NP",0,0,NA,"Film",9,"Blank",NA,NA,NA,"2014 Dat",0,NA,NA,NA,NA,NA,NA,NA,NA,NA,NA,NA,NA,NA,NA,NA,NA,NA,NA
"397","V74.1",91,"P",0,0,NA,"Film",6,"Blank",NA,NA,NA,"2014 Dat",0,NA,NA,NA,NA,NA,NA,NA,NA,NA,NA,NA,NA,NA,NA,NA,NA,NA,NA
"398","V75.1",91,"NP",0,0,NA,"Film",6,"Blank",NA,NA,NA,"2014 Dat",0,NA,NA,NA,NA,NA,NA,NA,NA,NA,NA,NA,NA,NA,NA,NA,NA,NA,NA
"399","V76.1",92,"P",0,0,NA,"none",4,"Blank",NA,NA,NA,"2014 Dat",0,NA,NA,NA,NA,NA,NA,NA,NA,NA,NA,18.9558333333333,19.7929583333333,20.5855694444444,20.7355654761905,0.129166666666667,0.0950458333333333,0.0645347222222222,0.0709744058500914
"400","V77.1",92,"NP",0,0,NA,"none",4,"Blank",NA,NA,NA,"2014 Dat",0,NA,NA,NA,NA,NA,NA,NA,NA,NA,NA,18.9558333333333,19.7929583333333,20.5855694444444,20.7355654761905,0.129166666666667,0.0950458333333333,0.0645347222222222,0.0709744058500914
"401","V78.1",93,"P",0,0,NA,"Film",6,"Blank",NA,NA,NA,"2014 Dat",0,NA,NA,NA,NA,NA,NA,NA,NA,NA,NA,NA,NA,NA,NA,NA,NA,NA,NA
"402","V79.1",93,"NP",0,0,NA,"Film",6,"Blank",NA,NA,NA,"2014 Dat",0,NA,NA,NA,NA,NA,NA,NA,NA,NA,NA,NA,NA,NA,NA,NA,NA,NA,NA
"403","V80.1",94,"P",0,0,NA,"none",7,"Blank",NA,NA,NA,"2014 Dat",0,NA,NA,NA,NA,NA,NA,NA,NA,NA,NA,NA,NA,NA,NA,NA,NA,NA,NA
"404","V81.1",94,"NP",0,0,NA,"none",7,"Blank",NA,NA,NA,"2014 Dat",0,NA,NA,NA,NA,NA,NA,NA,NA,NA,NA,NA,NA,NA,NA,NA,NA,NA,NA
"405","V82.1",95,"P",0,0,NA,"none",9,"Blank",NA,NA,NA,"2014 Dat",0,NA,NA,NA,NA,NA,NA,NA,NA,NA,NA,NA,NA,NA,NA,NA,NA,NA,NA
"406","V83.1",95,"NP",0,6,5,"none",9,"Blank",NA,NA,NA,"2014 Dat",0,NA,NA,NA,NA,NA,NA,NA,NA,NA,NA,NA,NA,NA,NA,NA,NA,NA,NA
"407","V84.1",96,"P",0,0,NA,"none",3,"Blank",NA,NA,NA,"2014 Dat",0,NA,NA,NA,NA,NA,NA,NA,NA,NA,NA,14.9941666666667,17.61575,16.4789222222222,18.8535438596491,0.0657916666666667,0.0396,0.0909902777777778,0.0786104712041885
"408","V85.1",96,"NP",0,0,NA,"none",3,"Blank",NA,NA,NA,"2014 Dat",0,NA,NA,NA,NA,NA,NA,NA,NA,NA,NA,14.9941666666667,17.61575,16.4789222222222,18.8535438596491,0.0657916666666667,0.0396,0.0909902777777778,0.0786104712041885
"409","V86.1",97,"P",0,0,NA,"Film",9,"Blank",NA,NA,NA,"2014 Dat",0,NA,NA,NA,NA,NA,NA,NA,NA,NA,NA,NA,NA,NA,NA,NA,NA,NA,NA
"410","V87.1",97,"NP",0,0,NA,"Film",9,"Blank",NA,NA,NA,"2014 Dat",0,NA,NA,NA,NA,NA,NA,NA,NA,NA,NA,NA,NA,NA,NA,NA,NA,NA,NA
"411","V88.1",98,"P",0,0,NA,"none",2,"Blank",NA,NA,NA,"2014 Dat",0,NA,NA,NA,NA,NA,NA,NA,NA,NA,NA,12.9179166666667,16.7774576271186,16.8669832402235,16.9936764091858,0.123270833333333,0.148445833333333,0.0781833333333333,0.0883260416666667
"412","V89.1",98,"NP",0,0,NA,"none",2,"Blank",NA,NA,NA,"2014 Dat",0,NA,NA,NA,NA,NA,NA,NA,NA,NA,NA,12.9179166666667,16.7774576271186,16.8669832402235,16.9936764091858,0.123270833333333,0.148445833333333,0.0781833333333333,0.0883260416666667
"413","V90.1",99,"P",0,0,NA,"none",8,"Blank",NA,NA,NA,"2014 Dat",0,NA,NA,NA,NA,NA,NA,NA,NA,NA,NA,NA,NA,NA,NA,NA,NA,NA,NA
"414","V91.1",99,"NP",0,0,NA,"none",8,"Blank",NA,NA,NA,"2014 Dat",0,NA,NA,NA,NA,NA,NA,NA,NA,NA,NA,NA,NA,NA,NA,NA,NA,NA,NA
"415","V92.1",100,"P",0,0,NA,"Film",6,"Blank",NA,NA,NA,"2014 Dat",0,NA,NA,NA,NA,NA,NA,NA,NA,NA,NA,NA,NA,NA,NA,NA,NA,NA,NA
"416","V93.1",100,"NP",0,0,NA,"Film",6,"Blank",NA,NA,NA,"2014 Dat",0,NA,NA,NA,NA,NA,NA,NA,NA,NA,NA,NA,NA,NA,NA,NA,NA,NA,NA
"417","V94.1",101,"P",0,0,NA,"Film",8,"Blank",NA,NA,NA,"2014 Dat",0,NA,NA,NA,NA,NA,NA,NA,NA,NA,NA,NA,NA,NA,NA,NA,NA,NA,NA
"418","V95.1",101,"NP",0,0,NA,"Film",8,"Blank",NA,NA,NA,"2014 Dat",0,NA,NA,NA,NA,NA,NA,NA,NA,NA,NA,NA,NA,NA,NA,NA,NA,NA,NA
"419","V96.1",102,"P",0,0,NA,"none",5,"Blank",NA,NA,NA,"2014 Dat",0,NA,NA,NA,NA,NA,NA,NA,NA,NA,NA,NA,NA,NA,NA,0.2076875,0.173790697674419,0.173790697674419,0.173790697674419
"420","V97.1",102,"NP",0,0,NA,"none",5,"Blank",NA,NA,NA,"2014 Dat",0,NA,NA,NA,NA,NA,NA,NA,NA,NA,NA,NA,NA,NA,NA,0.2076875,0.173790697674419,0.173790697674419,0.173790697674419
"421","V98.1",103,"P",0,0,NA,"none",2,"Blank",NA,NA,NA,"2014 Dat",0,NA,NA,NA,NA,NA,NA,NA,NA,NA,NA,12.9179166666667,16.7774576271186,16.8669832402235,16.9936764091858,0.123270833333333,0.148445833333333,0.0781833333333333,0.0883260416666667
"422","V99.1",103,"NP",0,62,2,"none",2,"Blank",50.33333333,6.5,9.666666667,"2014 Dat",3120.666667,3120.666667,NA,NA,NA,NA,NA,NA,NA,NA,NA,12.9179166666667,16.7774576271186,16.8669832402235,16.9936764091858,0.123270833333333,0.148445833333333,0.0781833333333333,0.0883260416666667
"423","V100.1",104,"P",0,0,NA,"Film",7,"Blank",NA,NA,NA,"2014 Dat",0,NA,NA,NA,NA,NA,NA,NA,NA,NA,NA,NA,NA,NA,NA,NA,NA,NA,NA
"424","V101.1",104,"NP",0,0,NA,"Film",7,"Blank",NA,NA,NA,"2014 Dat",0,NA,NA,NA,NA,NA,NA,NA,NA,NA,NA,NA,NA,NA,NA,NA,NA,NA,NA
"425","V102.1",105,"P",0,0,NA,"none",9,"Blank",NA,NA,NA,"2014 Dat",0,NA,NA,NA,NA,NA,NA,NA,NA,NA,NA,NA,NA,NA,NA,NA,NA,NA,NA
"426","V103.1",105,"NP",0,0,NA,"none",9,"Blank",NA,NA,NA,"2014 Dat",0,NA,NA,NA,NA,NA,NA,NA,NA,NA,NA,NA,NA,NA,NA,NA,NA,NA,NA
"427","V104.1",106,"P",0,52,3,"Film",4,"Blank",42.2,6.6,8.8,"2014 Dat",2194.4,2194.4,NA,NA,NA,NA,NA,NA,NA,NA,NA,20.77875,22.8422083333333,23.6521666666667,23.2330654761905,0.185333333333333,0.147175,0.101688888888889,0.101841864716636
"428","V105.1",106,"NP",0,0,NA,"Film",4,"Blank",NA,NA,NA,"2014 Dat",0,NA,NA,NA,NA,NA,NA,NA,NA,NA,NA,20.77875,22.8422083333333,23.6521666666667,23.2330654761905,0.185333333333333,0.147175,0.101688888888889,0.101841864716636
"429","V106.1",107,"P",0,0,NA,"none",1,"Blank",NA,NA,NA,"2014 Dat",0,NA,NA,NA,NA,NA,NA,NA,NA,NA,NA,17.6252083333333,14.0717291666667,12.7080111111111,14.4300929018789,0.0342916666666667,0.0351708333333333,0.107776388888889,0.103339583333333
"430","V107.1",107,"NP",0,85,2,"none",1,"Blank",73,8.714285714,12,"2014 Dat",6205,6205,NA,NA,NA,NA,NA,NA,NA,NA,NA,17.6252083333333,14.0717291666667,12.7080111111111,14.4300929018789,0.0342916666666667,0.0351708333333333,0.107776388888889,0.103339583333333
"431","V108.1",108,"P",0,84,3,"none",3,"Blank",37.8,6.8,7.8,"2014 Dat",3175.2,3175.2,NA,NA,NA,NA,NA,NA,NA,NA,NA,14.9941666666667,17.61575,16.4789222222222,18.8535438596491,0.0657916666666667,0.0396,0.0909902777777778,0.0786104712041885
"432","V109.1",108,"NP",0,0,NA,"none",3,"Blank",NA,NA,NA,"2014 Dat",0,NA,NA,NA,NA,NA,NA,NA,NA,NA,NA,14.9941666666667,17.61575,16.4789222222222,18.8535438596491,0.0657916666666667,0.0396,0.0909902777777778,0.0786104712041885
